circuit_folder,status,reasons
uhs0_1247_circuit_1_0,PASS,
uhs0_1247_circuit_1_1,PASS,
uhs0_1247_circuit_1_2,PASS,
uhs0_1247_circuit_2_0,PASS,
uhs0_1247_circuit_2_1,PASS,
uhs0_1247_circuit_2_2,PASS,
uhs0_1247_circuit_3_0,PASS,
uhs0_1247_circuit_3_1,PASS,
uhs0_1247_circuit_3_2,PASS,
uhs10_1247_circuit_33_0,PASS,
uhs10_1247_circuit_33_1,PASS,
uhs10_1247_circuit_33_2,PASS,
uhs10_1247_circuit_34_0,PASS,
uhs10_1247_circuit_34_1,PASS,
uhs10_1247_circuit_34_2,FAIL,Missing ModifiedCircuitData/
uhs10_1247_circuit_35_0,PASS,
uhs10_1247_circuit_35_1,PASS,
uhs10_1247_circuit_35_2,FAIL,Missing ModifiedCircuitData/
uhs11_1247_circuit_37_0,PASS,
uhs11_1247_circuit_37_1,PASS,
uhs11_1247_circuit_37_2,FAIL,Missing ModifiedCircuitData/
uhs11_1247_circuit_38_0,PASS,
uhs11_1247_circuit_38_1,PASS,
uhs11_1247_circuit_38_2,FAIL,Missing ModifiedCircuitData/
uhs12_1247_circuit_39_0,PASS,
uhs12_1247_circuit_39_1,PASS,
uhs12_1247_circuit_39_2,FAIL,Missing ModifiedCircuitData/
uhs12_1247_circuit_40_0,PASS,
uhs12_1247_circuit_40_1,PASS,
uhs12_1247_circuit_40_2,FAIL,Missing ModifiedCircuitData/
uhs12_1247_circuit_41_0,PASS,
uhs12_1247_circuit_41_1,PASS,
uhs12_1247_circuit_41_2,FAIL,Missing ModifiedCircuitData/
uhs12_1247_circuit_42_0,PASS,
uhs12_1247_circuit_42_1,PASS,
uhs12_1247_circuit_42_2,FAIL,Missing ModifiedCircuitData/
uhs13_1247_circuit_43_0,PASS,
uhs13_1247_circuit_43_1,PASS,
uhs13_1247_circuit_43_2,FAIL,Missing ModifiedCircuitData/
uhs13_1247_circuit_44_0,PASS,
uhs13_1247_circuit_44_1,PASS,
uhs13_1247_circuit_44_2,FAIL,Missing ModifiedCircuitData/
uhs14_1247_circuit_45_0,PASS,
uhs14_1247_circuit_45_1,PASS,
uhs14_1247_circuit_45_2,FAIL,Missing ModifiedCircuitData/
uhs14_1247_circuit_46_0,PASS,
uhs14_1247_circuit_46_1,PASS,
uhs14_1247_circuit_46_2,FAIL,Missing ModifiedCircuitData/
uhs14_1247_circuit_47_0,PASS,
uhs14_1247_circuit_47_1,PASS,
uhs14_1247_circuit_47_2,FAIL,Missing ModifiedCircuitData/
uhs15_1247_circuit_48_0,PASS,
uhs15_1247_circuit_48_1,PASS,
uhs15_1247_circuit_48_2,FAIL,Missing ModifiedCircuitData/
uhs15_1247_circuit_49_0,PASS,
uhs15_1247_circuit_49_1,PASS,
uhs15_1247_circuit_49_2,FAIL,Missing ModifiedCircuitData/
uhs16_1247_circuit_50_0,PASS,
uhs16_1247_circuit_50_1,PASS,
uhs16_1247_circuit_50_2,FAIL,Missing ModifiedCircuitData/
uhs16_1247_circuit_51_0,PASS,
uhs16_1247_circuit_51_1,PASS,
uhs16_1247_circuit_51_2,FAIL,Missing ModifiedCircuitData/
uhs17_1247_circuit_52_0,PASS,
uhs17_1247_circuit_52_1,PASS,
uhs17_1247_circuit_52_2,FAIL,Missing ModifiedCircuitData/
uhs17_1247_circuit_53_0,PASS,
uhs17_1247_circuit_53_1,PASS,
uhs17_1247_circuit_53_2,FAIL,Missing ModifiedCircuitData/
uhs18_1247_circuit_54_0,PASS,
uhs18_1247_circuit_54_1,PASS,
uhs18_1247_circuit_54_2,FAIL,Missing ModifiedCircuitData/
uhs18_1247_circuit_55_0,PASS,
uhs18_1247_circuit_55_1,PASS,
uhs18_1247_circuit_55_2,FAIL,Missing ModifiedCircuitData/
uhs18_1247_circuit_56_0,PASS,
uhs18_1247_circuit_56_1,PASS,
uhs18_1247_circuit_56_2,FAIL,Missing ModifiedCircuitData/
uhs19_1247_circuit_57_0,PASS,
uhs19_1247_circuit_57_1,PASS,
uhs19_1247_circuit_57_2,FAIL,Missing ModifiedCircuitData/
uhs19_1247_circuit_58_0,PASS,
uhs19_1247_circuit_58_1,PASS,
uhs19_1247_circuit_58_2,FAIL,Missing ModifiedCircuitData/
uhs1_1247_circuit_4_0,PASS,
uhs1_1247_circuit_4_1,PASS,
uhs1_1247_circuit_4_2,FAIL,Missing ModifiedCircuitData/
uhs1_1247_circuit_5_0,PASS,
uhs1_1247_circuit_5_1,PASS,
uhs1_1247_circuit_5_2,FAIL,Missing ModifiedCircuitData/
uhs20_1247_circuit_59_0,PASS,
uhs20_1247_circuit_59_1,PASS,
uhs20_1247_circuit_59_2,FAIL,Missing ModifiedCircuitData/
uhs20_1247_circuit_60_0,PASS,
uhs20_1247_circuit_60_1,PASS,
uhs20_1247_circuit_60_2,FAIL,Missing ModifiedCircuitData/
uhs20_1247_circuit_61_0,PASS,
uhs20_1247_circuit_61_1,PASS,
uhs20_1247_circuit_61_2,FAIL,Missing ModifiedCircuitData/
uhs2_1247_circuit_6_0,PASS,
uhs2_1247_circuit_6_1,PASS,
uhs2_1247_circuit_6_2,FAIL,Missing ModifiedCircuitData/
uhs2_1247_circuit_7_0,PASS,
uhs2_1247_circuit_7_1,PASS,
uhs2_1247_circuit_7_2,FAIL,Missing ModifiedCircuitData/
uhs2_1247_circuit_8_0,PASS,
uhs2_1247_circuit_8_1,PASS,
uhs2_1247_circuit_8_2,FAIL,Missing ModifiedCircuitData/
uhs3_1247_circuit_10_0,PASS,
uhs3_1247_circuit_10_1,FAIL,No m1 CSV found.; No m2 CSV found.
uhs3_1247_circuit_10_2,FAIL,Missing ModifiedCircuitData/
uhs3_1247_circuit_11_0,PASS,
uhs3_1247_circuit_11_1,PASS,
uhs3_1247_circuit_11_2,FAIL,Missing ModifiedCircuitData/
uhs3_1247_circuit_9_0,PASS,
uhs3_1247_circuit_9_1,PASS,
uhs3_1247_circuit_9_2,FAIL,Missing ModifiedCircuitData/
uhs4_1247_circuit_14_0,PASS,
uhs4_1247_circuit_14_1,PASS,
uhs4_1247_circuit_14_2,FAIL,Missing ModifiedCircuitData/
uhs4_1247_circuit_15_0,PASS,
uhs4_1247_circuit_15_1,PASS,
uhs4_1247_circuit_15_2,FAIL,Missing ModifiedCircuitData/
uhs5_1247_circuit_16_0,PASS,
uhs5_1247_circuit_16_1,PASS,
uhs5_1247_circuit_16_2,FAIL,Missing ModifiedCircuitData/
uhs5_1247_circuit_17_0,PASS,
uhs5_1247_circuit_17_1,PASS,
uhs5_1247_circuit_17_2,FAIL,Missing ModifiedCircuitData/
uhs5_1247_circuit_18_0,PASS,
uhs5_1247_circuit_18_1,PASS,
uhs5_1247_circuit_18_2,FAIL,Missing ModifiedCircuitData/
uhs5_1247_circuit_19_0,PASS,
uhs5_1247_circuit_19_1,PASS,
uhs5_1247_circuit_19_2,FAIL,Missing ModifiedCircuitData/
uhs6_1247_circuit_20_0,PASS,
uhs6_1247_circuit_20_1,PASS,
uhs6_1247_circuit_20_2,FAIL,Missing ModifiedCircuitData/
uhs6_1247_circuit_21_0,PASS,
uhs6_1247_circuit_21_1,PASS,
uhs6_1247_circuit_21_2,FAIL,Missing ModifiedCircuitData/
uhs6_1247_circuit_22_0,PASS,
uhs6_1247_circuit_22_1,PASS,
uhs6_1247_circuit_22_2,FAIL,Missing ModifiedCircuitData/
uhs7_1247_circuit_23_0,PASS,
uhs7_1247_circuit_23_1,PASS,
uhs7_1247_circuit_23_2,FAIL,Missing ModifiedCircuitData/
uhs7_1247_circuit_24_0,PASS,
uhs7_1247_circuit_24_1,PASS,
uhs7_1247_circuit_24_2,FAIL,Missing ModifiedCircuitData/
uhs7_1247_circuit_25_0,PASS,
uhs7_1247_circuit_25_1,PASS,
uhs7_1247_circuit_25_2,FAIL,Missing ModifiedCircuitData/
uhs8_1247_circuit_26_0,PASS,
uhs8_1247_circuit_26_1,PASS,
uhs8_1247_circuit_26_2,FAIL,Missing ModifiedCircuitData/
uhs8_1247_circuit_27_0,PASS,
uhs8_1247_circuit_27_1,PASS,
uhs8_1247_circuit_27_2,FAIL,Missing ModifiedCircuitData/
uhs9_1247_circuit_28_0,PASS,
uhs9_1247_circuit_28_1,PASS,
uhs9_1247_circuit_28_2,FAIL,Missing ModifiedCircuitData/
uhs9_1247_circuit_29_0,PASS,
uhs9_1247_circuit_29_1,PASS,
uhs9_1247_circuit_29_2,FAIL,Missing ModifiedCircuitData/
uhs9_1247_circuit_30_0,PASS,
uhs9_1247_circuit_30_1,PASS,
uhs9_1247_circuit_30_2,FAIL,Missing ModifiedCircuitData/
uhs9_1247_circuit_31_0,PASS,
uhs9_1247_circuit_31_1,PASS,
uhs9_1247_circuit_31_2,FAIL,Missing ModifiedCircuitData/
uhs9_1247_circuit_32_0,PASS,
uhs9_1247_circuit_32_1,PASS,
uhs9_1247_circuit_32_2,FAIL,Missing ModifiedCircuitData/
