hour, t(sec), kWh,State,kWOut,kWIn,kvarOut,DCkW,kWTotalLosses,kWInvLosses,kWIdlingLosses,kWChDchLosses,kWh Chng,InvEff,InverterON,Vref,Vavg (DRC),VV Oper,VW Oper,DRC Oper,VV_DRC Oper,WP Oper,WV Oper,kWDesired,kW VW Limit,Limit kWOut Function,kVA Exceeded,Grid voltage,di/dt,it,it History,Rated VDC,Avg duty cycle,Target (Amps),Series L,Max. Amps (phase),
0, 900.00000, 39.933, 1, 49.9129, 0, -0.0110105, 49.9129, 3.15242, 0, 0.49916, 2.65326, -159.731, 1, 1, 9999, 9999, 9999, 9999, 9999, 9999, 9999, 9999, 49.916, 9999, 49.916, 0, 0, 0, 0, 0, 8000, 0, 0, 0, 0
0, 1800.00000, 39.9328, 0, 0, 0.499161, -5.81832E-007, -0.499161, 0.499161, 0, 0.499161, 0, -0.0002, 1, 1, 9999, 9999, 9999, 9999, 9999, 9999, 9999, 9999, 0, 9999, 49.916, 0, 0, 0, 0, 0, 8000, 0, 0, 0, 0
0, 2700.00000, 39.9328, 0, 0, 0.49916, -8.522E-008, -0.49916, 0.49916, 0, 0.49916, 0, 0, 1, 1, 9999, 9999, 9999, 9999, 9999, 9999, 9999, 9999, 0, 9999, 49.916, 0, 0, 0, 0, 0, 8000, 0, 0, 0, 0
1, 0.00000, 39.9328, 0, 0, 0.499159, 3.01669E-007, -0.499159, 0.499159, 0, 0.499159, 0, 0, 1, 1, 9999, 9999, 9999, 9999, 9999, 9999, 9999, 9999, 0, 9999, 49.916, 0, 0, 0, 0, 0, 8000, 0, 0, 0, 0
1, 900.00000, 39.9328, 0, 0, 0.49916, -1.49207E-007, -0.49916, 0.49916, 0, 0.49916, 0, 0, 1, 1, 9999, 9999, 9999, 9999, 9999, 9999, 9999, 9999, 0, 9999, 49.916, 0, 0, 0, 0, 0, 8000, 0, 0, 0, 0
1, 1800.00000, 39.9328, 0, 0, 0.499159, 2.97384E-007, -0.499159, 0.499159, 0, 0.499159, 0, 0, 1, 1, 9999, 9999, 9999, 9999, 9999, 9999, 9999, 9999, 0, 9999, 49.916, 0, 0, 0, 0, 0, 8000, 0, 0, 0, 0
1, 2700.00000, 39.9328, 0, 0, 0.49916, 6.98191E-008, -0.49916, 0.49916, 0, 0.49916, 0, 0, 1, 1, 9999, 9999, 9999, 9999, 9999, 9999, 9999, 9999, 0, 9999, 49.916, 0, 0, 0, 0, 0, 8000, 0, 0, 0, 0
2, 0.00000, 39.9328, 0, 0, 0.49916, 4.61007E-008, -0.49916, 0.49916, 0, 0.49916, 0, 0, 1, 1, 9999, 9999, 9999, 9999, 9999, 9999, 9999, 9999, 0, 9999, 49.916, 0, 0, 0, 0, 0, 8000, 0, 0, 0, 0
2, 900.00000, 39.9328, 0, 0, 0.499159, 3.7293E-007, -0.499159, 0.499159, 0, 0.499159, 0, 0, 1, 1, 9999, 9999, 9999, 9999, 9999, 9999, 9999, 9999, 0, 9999, 49.916, 0, 0, 0, 0, 0, 8000, 0, 0, 0, 0
2, 1800.00000, 39.9328, 0, 0, 0.499161, -3.08425E-007, -0.499161, 0.499161, 0, 0.499161, 0, 0, 1, 1, 9999, 9999, 9999, 9999, 9999, 9999, 9999, 9999, 0, 9999, 49.916, 0, 0, 0, 0, 0, 8000, 0, 0, 0, 0
2, 2700.00000, 39.9328, 0, 0, 0.49916, -2.62176E-007, -0.49916, 0.49916, 0, 0.49916, 0, 0, 1, 1, 9999, 9999, 9999, 9999, 9999, 9999, 9999, 9999, 0, 9999, 49.916, 0, 0, 0, 0, 0, 8000, 0, 0, 0, 0
3, 0.00000, 39.9328, 0, 0, 0.49916, -7.82667E-008, -0.49916, 0.49916, 0, 0.49916, 0, 0, 1, 1, 9999, 9999, 9999, 9999, 9999, 9999, 9999, 9999, 0, 9999, 49.916, 0, 0, 0, 0, 0, 8000, 0, 0, 0, 0
3, 900.00000, 39.9328, 0, 0, 0.499159, 4.8812E-007, -0.499159, 0.499159, 0, 0.499159, 0, 0, 1, 1, 9999, 9999, 9999, 9999, 9999, 9999, 9999, 9999, 0, 9999, 49.916, 0, 0, 0, 0, 0, 8000, 0, 0, 0, 0
3, 1800.00000, 39.9328, 0, 0, 0.499162, -1.11212E-006, -0.499162, 0.499162, 0, 0.499162, 0, 0, 1, 1, 9999, 9999, 9999, 9999, 9999, 9999, 9999, 9999, 0, 9999, 49.916, 0, 0, 0, 0, 0, 8000, 0, 0, 0, 0
3, 2700.00000, 39.9328, 0, 0, 0.499157, 1.54679E-006, -0.499157, 0.499157, 0, 0.499157, 0, 0, 1, 1, 9999, 9999, 9999, 9999, 9999, 9999, 9999, 9999, 0, 9999, 49.916, 0, 0, 0, 0, 0, 8000, 0, 0, 0, 0
4, 0.00000, 39.9328, 0, 0, 0.499161, -5.45127E-007, -0.499161, 0.499161, 0, 0.499161, 0, 0, 1, 1, 9999, 9999, 9999, 9999, 9999, 9999, 9999, 9999, 0, 9999, 49.916, 0, 0, 0, 0, 0, 8000, 0, 0, 0, 0
4, 900.00000, 39.9328, 0, 0, 0.499158, 1.02416E-006, -0.499158, 0.499158, 0, 0.499158, 0, 0, 1, 1, 9999, 9999, 9999, 9999, 9999, 9999, 9999, 9999, 0, 9999, 49.916, 0, 0, 0, 0, 0, 8000, 0, 0, 0, 0
4, 1800.00000, 39.9328, 0, 0, 0.499159, 3.40185E-007, -0.499159, 0.499159, 0, 0.499159, 0, 0, 1, 1, 9999, 9999, 9999, 9999, 9999, 9999, 9999, 9999, 0, 9999, 49.916, 0, 0, 0, 0, 0, 8000, 0, 0, 0, 0
4, 2700.00000, 39.9328, 0, 0, 0.499159, 7.05881E-007, -0.499159, 0.499159, 0, 0.499159, 0, 0, 1, 1, 9999, 9999, 9999, 9999, 9999, 9999, 9999, 9999, 0, 9999, 49.916, 0, 0, 0, 0, 0, 8000, 0, 0, 0, 0
5, 0.00000, 39.9328, 0, 0, 0.49916, -7.95217E-008, -0.49916, 0.49916, 0, 0.49916, 0, 0, 1, 1, 9999, 9999, 9999, 9999, 9999, 9999, 9999, 9999, 0, 9999, 49.916, 0, 0, 0, 0, 0, 8000, 0, 0, 0, 0
5, 900.00000, 39.9328, 0, 0, 0.49916, 3.25313E-007, -0.49916, 0.49916, 0, 0.49916, 0, 0, 1, 1, 9999, 9999, 9999, 9999, 9999, 9999, 9999, 9999, 0, 9999, 49.916, 0, 0, 0, 0, 0, 8000, 0, 0, 0, 0
5, 1800.00000, 39.9328, 0, 0, 0.499158, 8.868E-007, -0.499158, 0.499158, 0, 0.499158, 0, 0, 1, 1, 9999, 9999, 9999, 9999, 9999, 9999, 9999, 9999, 0, 9999, 49.916, 0, 0, 0, 0, 0, 8000, 0, 0, 0, 0
5, 2700.00000, 39.9328, 0, 0, 0.499161, -5.1811E-007, -0.499161, 0.499161, 0, 0.499161, 0, 0, 1, 1, 9999, 9999, 9999, 9999, 9999, 9999, 9999, 9999, 0, 9999, 49.916, 0, 0, 0, 0, 0, 8000, 0, 0, 0, 0
6, 0.00000, 39.9328, 0, 0, 0.499163, -1.68044E-006, -0.499163, 0.499163, 0, 0.499163, 0, 0, 1, 1, 9999, 9999, 9999, 9999, 9999, 9999, 9999, 9999, 0, 9999, 49.916, 0, 0, 0, 0, 0, 8000, 0, 0, 0, 0
6, 900.00000, 39.9328, 0, 0, 0.499156, 2.28048E-006, -0.499156, 0.499156, 0, 0.499156, 0, 0, 1, 1, 9999, 9999, 9999, 9999, 9999, 9999, 9999, 9999, 0, 9999, 49.916, 0, 0, 0, 0, 0, 8000, 0, 0, 0, 0
6, 1800.00000, 39.9328, 0, 0, 0.499159, 7.20058E-007, -0.499159, 0.499159, 0, 0.499159, 0, 0, 1, 1, 9999, 9999, 9999, 9999, 9999, 9999, 9999, 9999, 0, 9999, 49.916, 0, 0, 0, 0, 0, 8000, 0, 0, 0, 0
6, 2700.00000, 39.9328, 0, 0, 0.49916, 1.77559E-007, -0.49916, 0.49916, 0, 0.49916, 0, 0, 1, 1, 9999, 9999, 9999, 9999, 9999, 9999, 9999, 9999, 0, 9999, 49.916, 0, 0, 0, 0, 0, 8000, 0, 0, 0, 0
7, 0.00000, 39.9328, 0, 0, 0.499159, 2.04151E-007, -0.499159, 0.499159, 0, 0.499159, 0, 0, 1, 1, 9999, 9999, 9999, 9999, 9999, 9999, 9999, 9999, 0, 9999, 49.916, 0, 0, 0, 0, 0, 8000, 0, 0, 0, 0
7, 900.00000, 39.9328, 0, 0, 0.499159, 5.61029E-007, -0.499159, 0.499159, 0, 0.499159, 0, 0, 1, 1, 9999, 9999, 9999, 9999, 9999, 9999, 9999, 9999, 0, 9999, 49.916, 0, 0, 0, 0, 0, 8000, 0, 0, 0, 0
7, 1800.00000, 39.9328, 0, 0, 0.499159, 1.73323E-007, -0.499159, 0.499159, 0, 0.499159, 0, 0, 1, 1, 9999, 9999, 9999, 9999, 9999, 9999, 9999, 9999, 0, 9999, 49.916, 0, 0, 0, 0, 0, 8000, 0, 0, 0, 0
7, 2700.00000, 39.9328, 0, 0, 0.499161, -3.01251E-007, -0.499161, 0.499161, 0, 0.499161, 0, 0, 1, 1, 9999, 9999, 9999, 9999, 9999, 9999, 9999, 9999, 0, 9999, 49.916, 0, 0, 0, 0, 0, 8000, 0, 0, 0, 0
8, 0.00000, 39.9328, 0, 0, 0.499159, 3.48106E-007, -0.499159, 0.499159, 0, 0.499159, 0, 0, 1, 1, 9999, 9999, 9999, 9999, 9999, 9999, 9999, 9999, 0, 9999, 49.916, 0, 0, 0, 0, 0, 8000, 0, 0, 0, 0
8, 900.00000, 39.9328, 0, 0, 0.499158, 9.11043E-007, -0.499158, 0.499158, 0, 0.499158, 0, 0, 1, 1, 9999, 9999, 9999, 9999, 9999, 9999, 9999, 9999, 0, 9999, 49.916, 0, 0, 0, 0, 0, 8000, 0, 0, 0, 0
8, 1800.00000, 39.9328, 0, 0, 0.499159, 4.43955E-007, -0.499159, 0.499159, 0, 0.499159, 0, 0, 1, 1, 9999, 9999, 9999, 9999, 9999, 9999, 9999, 9999, 0, 9999, 49.916, 0, 0, 0, 0, 0, 8000, 0, 0, 0, 0
8, 2700.00000, 39.9328, 0, 0, 0.499162, -6.47116E-007, -0.499162, 0.499162, 0, 0.499162, 0, 0, 1, 1, 9999, 9999, 9999, 9999, 9999, 9999, 9999, 9999, 0, 9999, 49.916, 0, 0, 0, 0, 0, 8000, 0, 0, 0, 0
9, 0.00000, 39.9328, 0, 0, 0.499161, -3.67503E-007, -0.499161, 0.499161, 0, 0.499161, 0, 0, 1, 1, 9999, 9999, 9999, 9999, 9999, 9999, 9999, 9999, 0, 9999, 49.916, 0, 0, 0, 0, 0, 8000, 0, 0, 0, 0
9, 900.00000, 39.9328, 0, 0, 0.499162, -1.06595E-006, -0.499162, 0.499162, 0, 0.499162, 0, 0, 1, 1, 9999, 9999, 9999, 9999, 9999, 9999, 9999, 9999, 0, 9999, 49.916, 0, 0, 0, 0, 0, 8000, 0, 0, 0, 0
9, 1800.00000, 39.9328, 0, 0, 0.499161, -4.93305E-007, -0.499161, 0.499161, 0, 0.499161, 0, 0, 1, 1, 9999, 9999, 9999, 9999, 9999, 9999, 9999, 9999, 0, 9999, 49.916, 0, 0, 0, 0, 0, 8000, 0, 0, 0, 0
9, 2700.00000, 39.9328, 0, 0, 0.499162, -8.65294E-007, -0.499162, 0.499162, 0, 0.499162, 0, 0, 1, 1, 9999, 9999, 9999, 9999, 9999, 9999, 9999, 9999, 0, 9999, 49.916, 0, 0, 0, 0, 0, 8000, 0, 0, 0, 0
10, 0.00000, 39.9328, 0, 0, 0.499162, -9.44285E-007, -0.499162, 0.499162, 0, 0.499162, 0, 0, 1, 1, 9999, 9999, 9999, 9999, 9999, 9999, 9999, 9999, 0, 9999, 49.916, 0, 0, 0, 0, 0, 8000, 0, 0, 0, 0
10, 900.00000, 39.9328, 0, 0, 0.499161, -4.75555E-007, -0.499161, 0.499161, 0, 0.499161, 0, 0, 1, 1, 9999, 9999, 9999, 9999, 9999, 9999, 9999, 9999, 0, 9999, 49.916, 0, 0, 0, 0, 0, 8000, 0, 0, 0, 0
10, 1800.00000, 39.9328, 0, 0, 0.499159, 2.71357E-007, -0.499159, 0.499159, 0, 0.499159, 0, 0, 1, 1, 9999, 9999, 9999, 9999, 9999, 9999, 9999, 9999, 0, 9999, 49.916, 0, 0, 0, 0, 0, 8000, 0, 0, 0, 0
10, 2700.00000, 39.9328, 0, 0, 0.499161, -4.47973E-007, -0.499161, 0.499161, 0, 0.499161, 0, 0, 1, 1, 9999, 9999, 9999, 9999, 9999, 9999, 9999, 9999, 0, 9999, 49.916, 0, 0, 0, 0, 0, 8000, 0, 0, 0, 0
11, 0.00000, 39.9328, 0, 0, 0.499161, -3.61104E-007, -0.499161, 0.499161, 0, 0.499161, 0, 0, 1, 1, 9999, 9999, 9999, 9999, 9999, 9999, 9999, 9999, 0, 9999, 49.916, 0, 0, 0, 0, 0, 8000, 0, 0, 0, 0
11, 900.00000, 39.9328, 0, 0, 0.499166, -3.04412E-006, -0.499166, 0.499166, 0, 0.499166, 0, 0, 1, 1, 9999, 9999, 9999, 9999, 9999, 9999, 9999, 9999, 0, 9999, 49.916, 0, 0, 0, 0, 0, 8000, 0, 0, 0, 0
11, 1800.00000, 39.9328, 0, 0, 0.49916, -1.86717E-007, -0.49916, 0.49916, 0, 0.49916, 0, 0, 1, 1, 9999, 9999, 9999, 9999, 9999, 9999, 9999, 9999, 0, 9999, 49.916, 0, 0, 0, 0, 0, 8000, 0, 0, 0, 0
11, 2700.00000, 39.9328, 0, 0, 0.499161, -6.58133E-007, -0.499161, 0.499161, 0, 0.499161, 0, 0, 1, 1, 9999, 9999, 9999, 9999, 9999, 9999, 9999, 9999, 0, 9999, 49.916, 0, 0, 0, 0, 0, 8000, 0, 0, 0, 0
12, 0.00000, 39.9328, 0, 0, 0.499161, -6.72297E-007, -0.499161, 0.499161, 0, 0.499161, 0, 0, 1, 1, 9999, 9999, 9999, 9999, 9999, 9999, 9999, 9999, 0, 9999, 49.916, 0, 0, 0, 0, 0, 8000, 0, 0, 0, 0
12, 900.00000, 39.9328, 0, 0, 0.499159, 4.29681E-007, -0.499159, 0.499159, 0, 0.499159, 0, 0, 1, 1, 9999, 9999, 9999, 9999, 9999, 9999, 9999, 9999, 0, 9999, 49.916, 0, 0, 0, 0, 0, 8000, 0, 0, 0, 0
12, 1800.00000, 39.9328, 0, 0, 0.499156, 2.0691E-006, -0.499156, 0.499156, 0, 0.499156, 0, 0, 1, 1, 9999, 9999, 9999, 9999, 9999, 9999, 9999, 9999, 0, 9999, 49.916, 0, 0, 0, 0, 0, 8000, 0, 0, 0, 0
12, 2700.00000, 39.9328, 0, 0, 0.499161, -4.81816E-007, -0.499161, 0.499161, 0, 0.499161, 0, 0, 1, 1, 9999, 9999, 9999, 9999, 9999, 9999, 9999, 9999, 0, 9999, 49.916, 0, 0, 0, 0, 0, 8000, 0, 0, 0, 0
13, 0.00000, 39.9328, 0, 0, 0.499161, -3.97066E-007, -0.499161, 0.499161, 0, 0.499161, 0, 0, 1, 1, 9999, 9999, 9999, 9999, 9999, 9999, 9999, 9999, 0, 9999, 49.916, 0, 0, 0, 0, 0, 8000, 0, 0, 0, 0
13, 900.00000, 39.9328, 0, 0, 0.499162, -9.38E-007, -0.499162, 0.499162, 0, 0.499162, 0, 0, 1, 1, 9999, 9999, 9999, 9999, 9999, 9999, 9999, 9999, 0, 9999, 49.916, 0, 0, 0, 0, 0, 8000, 0, 0, 0, 0
13, 1800.00000, 39.9328, 0, 0, 0.499161, -4.4677E-007, -0.499161, 0.499161, 0, 0.499161, 0, 0, 1, 1, 9999, 9999, 9999, 9999, 9999, 9999, 9999, 9999, 0, 9999, 49.916, 0, 0, 0, 0, 0, 8000, 0, 0, 0, 0
13, 2700.00000, 39.9328, 0, 0, 0.499163, -1.63542E-006, -0.499163, 0.499163, 0, 0.499163, 0, 0, 1, 1, 9999, 9999, 9999, 9999, 9999, 9999, 9999, 9999, 0, 9999, 49.916, 0, 0, 0, 0, 0, 8000, 0, 0, 0, 0
14, 0.00000, 39.9328, 0, 0, 0.499159, 6.92649E-007, -0.499159, 0.499159, 0, 0.499159, 0, 0, 1, 1, 9999, 9999, 9999, 9999, 9999, 9999, 9999, 9999, 0, 9999, 49.916, 0, 0, 0, 0, 0, 8000, 0, 0, 0, 0
14, 900.00000, 39.9328, 0, 0, 0.499161, -6.04387E-007, -0.499161, 0.499161, 0, 0.499161, 0, 0, 1, 1, 9999, 9999, 9999, 9999, 9999, 9999, 9999, 9999, 0, 9999, 49.916, 0, 0, 0, 0, 0, 8000, 0, 0, 0, 0
14, 1800.00000, 39.9328, 0, 0, 0.499159, 4.65249E-007, -0.499159, 0.499159, 0, 0.499159, 0, 0, 1, 1, 9999, 9999, 9999, 9999, 9999, 9999, 9999, 9999, 0, 9999, 49.916, 0, 0, 0, 0, 0, 8000, 0, 0, 0, 0
14, 2700.00000, 39.9328, 0, 0, 0.49916, 1.61679E-007, -0.49916, 0.49916, 0, 0.49916, 0, 0, 1, 1, 9999, 9999, 9999, 9999, 9999, 9999, 9999, 9999, 0, 9999, 49.916, 0, 0, 0, 0, 0, 8000, 0, 0, 0, 0
15, 0.00000, 39.9328, 0, 0, 0.499161, -3.87361E-007, -0.499161, 0.499161, 0, 0.499161, 0, 0, 1, 1, 9999, 9999, 9999, 9999, 9999, 9999, 9999, 9999, 0, 9999, 49.916, 0, 0, 0, 0, 0, 8000, 0, 0, 0, 0
15, 900.00000, 39.9328, 0, 0, 0.49916, 6.22099E-008, -0.49916, 0.49916, 0, 0.49916, 0, 0, 1, 1, 9999, 9999, 9999, 9999, 9999, 9999, 9999, 9999, 0, 9999, 49.916, 0, 0, 0, 0, 0, 8000, 0, 0, 0, 0
15, 1800.00000, 39.9328, 0, 0, 0.49916, -9.93652E-008, -0.49916, 0.49916, 0, 0.49916, 0, 0, 1, 1, 9999, 9999, 9999, 9999, 9999, 9999, 9999, 9999, 0, 9999, 49.916, 0, 0, 0, 0, 0, 8000, 0, 0, 0, 0
15, 2700.00000, 39.9328, 0, 0, 0.499158, 1.01503E-006, -0.499158, 0.499158, 0, 0.499158, 0, 0, 1, 1, 9999, 9999, 9999, 9999, 9999, 9999, 9999, 9999, 0, 9999, 49.916, 0, 0, 0, 0, 0, 8000, 0, 0, 0, 0
16, 0.00000, 39.9328, 0, 0, 0.499159, 6.38282E-007, -0.499159, 0.499159, 0, 0.499159, 0, 0, 1, 1, 9999, 9999, 9999, 9999, 9999, 9999, 9999, 9999, 0, 9999, 49.916, 0, 0, 0, 0, 0, 8000, 0, 0, 0, 0
16, 900.00000, 39.9328, 0, 0, 0.499162, -9.7951E-007, -0.499162, 0.499162, 0, 0.499162, 0, 0, 1, 1, 9999, 9999, 9999, 9999, 9999, 9999, 9999, 9999, 0, 9999, 49.916, 0, 0, 0, 0, 0, 8000, 0, 0, 0, 0
16, 1800.00000, 39.9328, 0, 0, 0.499163, -1.21248E-006, -0.499163, 0.499163, 0, 0.499163, 0, 0, 1, 1, 9999, 9999, 9999, 9999, 9999, 9999, 9999, 9999, 0, 9999, 49.916, 0, 0, 0, 0, 0, 8000, 0, 0, 0, 0
16, 2700.00000, 39.9328, 0, 0, 0.49916, 1.20414E-008, -0.49916, 0.49916, 0, 0.49916, 0, 0, 1, 1, 9999, 9999, 9999, 9999, 9999, 9999, 9999, 9999, 0, 9999, 49.916, 0, 0, 0, 0, 0, 8000, 0, 0, 0, 0
17, 0.00000, 39.9328, 0, 0, 0.49916, -1.2212E-007, -0.49916, 0.49916, 0, 0.49916, 0, 0, 1, 1, 9999, 9999, 9999, 9999, 9999, 9999, 9999, 9999, 0, 9999, 49.916, 0, 0, 0, 0, 0, 8000, 0, 0, 0, 0
17, 900.00000, 39.9328, 0, 0, 0.49916, 2.80912E-007, -0.49916, 0.49916, 0, 0.49916, 0, 0, 1, 1, 9999, 9999, 9999, 9999, 9999, 9999, 9999, 9999, 0, 9999, 49.916, 0, 0, 0, 0, 0, 8000, 0, 0, 0, 0
17, 1800.00000, 39.9328, 0, 0, 0.499159, 4.82919E-007, -0.499159, 0.499159, 0, 0.499159, 0, 0, 1, 1, 9999, 9999, 9999, 9999, 9999, 9999, 9999, 9999, 0, 9999, 49.916, 0, 0, 0, 0, 0, 8000, 0, 0, 0, 0
17, 2700.00000, 39.9328, 0, 0, 0.49916, -1.36995E-007, -0.49916, 0.49916, 0, 0.49916, 0, 0, 1, 1, 9999, 9999, 9999, 9999, 9999, 9999, 9999, 9999, 0, 9999, 49.916, 0, 0, 0, 0, 0, 8000, 0, 0, 0, 0
18, 0.00000, 39.9328, 0, 0, 0.499159, 5.25866E-007, -0.499159, 0.499159, 0, 0.499159, 0, 0, 1, 1, 9999, 9999, 9999, 9999, 9999, 9999, 9999, 9999, 0, 9999, 49.916, 0, 0, 0, 0, 0, 8000, 0, 0, 0, 0
18, 900.00000, 39.9328, 0, 0, 0.499159, 4.85608E-007, -0.499159, 0.499159, 0, 0.499159, 0, 0, 1, 1, 9999, 9999, 9999, 9999, 9999, 9999, 9999, 9999, 0, 9999, 49.916, 0, 0, 0, 0, 0, 8000, 0, 0, 0, 0
18, 1800.00000, 39.9328, 0, 0, 0.49916, 7.21027E-008, -0.49916, 0.49916, 0, 0.49916, 0, 0, 1, 1, 9999, 9999, 9999, 9999, 9999, 9999, 9999, 9999, 0, 9999, 49.916, 0, 0, 0, 0, 0, 8000, 0, 0, 0, 0
18, 2700.00000, 39.9328, 0, 0, 0.499159, 6.26719E-007, -0.499159, 0.499159, 0, 0.499159, 0, 0, 1, 1, 9999, 9999, 9999, 9999, 9999, 9999, 9999, 9999, 0, 9999, 49.916, 0, 0, 0, 0, 0, 8000, 0, 0, 0, 0
19, 0.00000, 39.9328, 0, 0, 0.49916, 1.60597E-007, -0.49916, 0.49916, 0, 0.49916, 0, 0, 1, 1, 9999, 9999, 9999, 9999, 9999, 9999, 9999, 9999, 0, 9999, 49.916, 0, 0, 0, 0, 0, 8000, 0, 0, 0, 0
19, 900.00000, 39.9328, 0, 0, 0.499159, 3.95905E-007, -0.499159, 0.499159, 0, 0.499159, 0, 0, 1, 1, 9999, 9999, 9999, 9999, 9999, 9999, 9999, 9999, 0, 9999, 49.916, 0, 0, 0, 0, 0, 8000, 0, 0, 0, 0
19, 1800.00000, 39.9328, 0, 0, 0.499161, -6.74501E-007, -0.499161, 0.499161, 0, 0.499161, 0, 0, 1, 1, 9999, 9999, 9999, 9999, 9999, 9999, 9999, 9999, 0, 9999, 49.916, 0, 0, 0, 0, 0, 8000, 0, 0, 0, 0
19, 2700.00000, 39.9328, 0, 0, 0.499161, -2.97321E-007, -0.499161, 0.499161, 0, 0.499161, 0, 0, 1, 1, 9999, 9999, 9999, 9999, 9999, 9999, 9999, 9999, 0, 9999, 49.916, 0, 0, 0, 0, 0, 8000, 0, 0, 0, 0
20, 0.00000, 39.9328, 0, 0, 0.499161, -6.85607E-007, -0.499161, 0.499161, 0, 0.499161, 0, 0, 1, 1, 9999, 9999, 9999, 9999, 9999, 9999, 9999, 9999, 0, 9999, 49.916, 0, 0, 0, 0, 0, 8000, 0, 0, 0, 0
20, 900.00000, 39.9328, 0, 0, 0.49916, -1.30582E-007, -0.49916, 0.49916, 0, 0.49916, 0, 0, 1, 1, 9999, 9999, 9999, 9999, 9999, 9999, 9999, 9999, 0, 9999, 49.916, 0, 0, 0, 0, 0, 8000, 0, 0, 0, 0
20, 1800.00000, 39.9328, 0, 0, 0.49916, 2.79364E-007, -0.49916, 0.49916, 0, 0.49916, 0, 0, 1, 1, 9999, 9999, 9999, 9999, 9999, 9999, 9999, 9999, 0, 9999, 49.916, 0, 0, 0, 0, 0, 8000, 0, 0, 0, 0
20, 2700.00000, 39.9328, 0, 0, 0.499159, 7.01253E-007, -0.499159, 0.499159, 0, 0.499159, 0, 0, 1, 1, 9999, 9999, 9999, 9999, 9999, 9999, 9999, 9999, 0, 9999, 49.916, 0, 0, 0, 0, 0, 8000, 0, 0, 0, 0
21, 0.00000, 39.9328, 0, 0, 0.49916, -2.42719E-007, -0.49916, 0.49916, 0, 0.49916, 0, 0, 1, 1, 9999, 9999, 9999, 9999, 9999, 9999, 9999, 9999, 0, 9999, 49.916, 0, 0, 0, 0, 0, 8000, 0, 0, 0, 0
21, 900.00000, 39.9328, 0, 0, 0.499159, 6.57118E-007, -0.499159, 0.499159, 0, 0.499159, 0, 0, 1, 1, 9999, 9999, 9999, 9999, 9999, 9999, 9999, 9999, 0, 9999, 49.916, 0, 0, 0, 0, 0, 8000, 0, 0, 0, 0
21, 1800.00000, 39.9328, 0, 0, 0.49916, 8.27877E-008, -0.49916, 0.49916, 0, 0.49916, 0, 0, 1, 1, 9999, 9999, 9999, 9999, 9999, 9999, 9999, 9999, 0, 9999, 49.916, 0, 0, 0, 0, 0, 8000, 0, 0, 0, 0
21, 2700.00000, 39.9328, 0, 0, 0.499161, -4.48437E-007, -0.499161, 0.499161, 0, 0.499161, 0, 0, 1, 1, 9999, 9999, 9999, 9999, 9999, 9999, 9999, 9999, 0, 9999, 49.916, 0, 0, 0, 0, 0, 8000, 0, 0, 0, 0
22, 0.00000, 39.9328, 0, 0, 0.49916, -2.74855E-007, -0.49916, 0.49916, 0, 0.49916, 0, 0, 1, 1, 9999, 9999, 9999, 9999, 9999, 9999, 9999, 9999, 0, 9999, 49.916, 0, 0, 0, 0, 0, 8000, 0, 0, 0, 0
22, 900.00000, 39.9328, 0, 0, 0.499158, 7.73173E-007, -0.499158, 0.499158, 0, 0.499158, 0, 0, 1, 1, 9999, 9999, 9999, 9999, 9999, 9999, 9999, 9999, 0, 9999, 49.916, 0, 0, 0, 0, 0, 8000, 0, 0, 0, 0
22, 1800.00000, 39.9328, 0, 0, 0.499161, -6.13854E-007, -0.499161, 0.499161, 0, 0.499161, 0, 0, 1, 1, 9999, 9999, 9999, 9999, 9999, 9999, 9999, 9999, 0, 9999, 49.916, 0, 0, 0, 0, 0, 8000, 0, 0, 0, 0
22, 2700.00000, 39.9328, 0, 0, 0.499159, 7.61706E-007, -0.499159, 0.499159, 0, 0.499159, 0, 0, 1, 1, 9999, 9999, 9999, 9999, 9999, 9999, 9999, 9999, 0, 9999, 49.916, 0, 0, 0, 0, 0, 8000, 0, 0, 0, 0
23, 0.00000, 39.9328, 0, 0, 0.499158, 1.10158E-006, -0.499158, 0.499158, 0, 0.499158, 0, 0, 1, 1, 9999, 9999, 9999, 9999, 9999, 9999, 9999, 9999, 0, 9999, 49.916, 0, 0, 0, 0, 0, 8000, 0, 0, 0, 0
23, 900.00000, 39.9328, 0, 0, 0.49916, -1.77928E-007, -0.49916, 0.49916, 0, 0.49916, 0, 0, 1, 1, 9999, 9999, 9999, 9999, 9999, 9999, 9999, 9999, 0, 9999, 49.916, 0, 0, 0, 0, 0, 8000, 0, 0, 0, 0
23, 1800.00000, 39.9328, 0, 0, 0.499161, -6.35124E-007, -0.499161, 0.499161, 0, 0.499161, 0, 0, 1, 1, 9999, 9999, 9999, 9999, 9999, 9999, 9999, 9999, 0, 9999, 49.916, 0, 0, 0, 0, 0, 8000, 0, 0, 0, 0
23, 2700.00000, 39.9328, 0, 0, 0.49916, 1.49164E-007, -0.49916, 0.49916, 0, 0.49916, 0, 0, 1, 1, 9999, 9999, 9999, 9999, 9999, 9999, 9999, 9999, 0, 9999, 49.916, 0, 0, 0, 0, 0, 8000, 0, 0, 0, 0
24, 0.00000, 39.9328, 0, 0, 0.499161, -4.26535E-007, -0.499161, 0.499161, 0, 0.499161, 0, 0, 1, 1, 9999, 9999, 9999, 9999, 9999, 9999, 9999, 9999, 0, 9999, 49.916, 0, 0, 0, 0, 0, 8000, 0, 0, 0, 0
