bldg_id,upgrade,in.sqft,in.building_america_climate_zone,in.state,in.state_name,in.building_subtype,in.comstock_building_type,in.comstock_building_type_group,in.floor_area_category,in.heating_fuel,in.hvac_category,in.hvac_combined_type,in.hvac_cool_type,in.hvac_heat_type,in.hvac_night_variability,in.hvac_system_type,in.hvac_vent_type,in.interior_lighting_generation,in.number_of_stories,in.number_stories,in.year_built,out.district_cooling.cooling.energy_consumption,out.district_cooling.total.energy_consumption,out.district_heating.cooling.energy_consumption,out.district_heating.heating.energy_consumption,out.district_heating.total.energy_consumption,out.district_heating.water_systems.energy_consumption,out.electricity.cooling.energy_consumption,out.electricity.exterior_lighting.energy_consumption,out.electricity.fans.energy_consumption,out.electricity.heat_recovery.energy_consumption,out.electricity.heat_rejection.energy_consumption,out.electricity.heating.energy_consumption,out.electricity.interior_equipment.energy_consumption,out.electricity.interior_lighting.energy_consumption,out.electricity.pumps.energy_consumption,out.electricity.refrigeration.energy_consumption,out.electricity.total.apr.energy_consumption..kwh,out.electricity.total.aug.energy_consumption..kwh,out.electricity.total.dec.energy_consumption..kwh,out.electricity.total.energy_consumption,out.electricity.total.feb.energy_consumption..kwh,out.electricity.total.jan.energy_consumption..kwh,out.electricity.total.jul.energy_consumption..kwh,out.electricity.total.jun.energy_consumption..kwh,out.electricity.total.mar.energy_consumption..kwh,out.electricity.total.may.energy_consumption..kwh,out.electricity.total.nov.energy_consumption..kwh,out.electricity.total.oct.energy_consumption..kwh,out.electricity.total.sep.energy_consumption..kwh,out.electricity.water_systems.energy_consumption,out.natural_gas.heating.energy_consumption,out.natural_gas.interior_equipment.energy_consumption,out.natural_gas.total.energy_consumption,out.natural_gas.water_systems.energy_consumption,out.other_fuel.cooling.energy_consumption,out.other_fuel.heating.energy_consumption,out.other_fuel.total.energy_consumption,out.other_fuel.water_systems.energy_consumption,out.site_energy.total.energy_consumption,out.electricity.total.peak_demand,out.qoi.maximum_daily_peak_apr..kw,out.qoi.maximum_daily_peak_aug..kw,out.qoi.maximum_daily_peak_dec..kw,out.qoi.maximum_daily_peak_feb..kw,out.qoi.maximum_daily_peak_jan..kw,out.qoi.maximum_daily_peak_jul..kw,out.qoi.maximum_daily_peak_jun..kw,out.qoi.maximum_daily_peak_mar..kw,out.qoi.maximum_daily_peak_may..kw,out.qoi.maximum_daily_peak_nov..kw,out.qoi.maximum_daily_peak_oct..kw,out.qoi.maximum_daily_peak_sep..kw,out.qoi.median_daily_peak_apr..kw,out.qoi.median_daily_peak_aug..kw,out.qoi.median_daily_peak_dec..kw,out.qoi.median_daily_peak_feb..kw,out.qoi.median_daily_peak_jan..kw,out.qoi.median_daily_peak_jul..kw,out.qoi.median_daily_peak_jun..kw,out.qoi.median_daily_peak_mar..kw,out.qoi.median_daily_peak_may..kw,out.qoi.median_daily_peak_nov..kw,out.qoi.median_daily_peak_oct..kw,out.qoi.median_daily_peak_sep..kw,out.qoi.minimum_daily_peak_apr..kw,out.qoi.minimum_daily_peak_aug..kw,out.qoi.minimum_daily_peak_dec..kw,out.qoi.minimum_daily_peak_feb..kw,out.qoi.minimum_daily_peak_jan..kw,out.qoi.minimum_daily_peak_jul..kw,out.qoi.minimum_daily_peak_jun..kw,out.qoi.minimum_daily_peak_mar..kw,out.qoi.minimum_daily_peak_may..kw,out.qoi.minimum_daily_peak_nov..kw,out.qoi.minimum_daily_peak_oct..kw,out.qoi.minimum_daily_peak_sep..kw,Folder_File,State,Chosen_Parquet
304303,0,7500.0,Mixed-Dry,TX,Texas,,SecondarySchool,Education,5001_10000,NaturalGas,Zone-by-Zone,DOAS+Zone terminal equipment_Boiler _WCC,WCC,Boiler ,default_nochange,DOAS with fan coil chiller with boiler,DOAS+Zone terminal equipment,gen2_t8_halogen,1,1,2000,0.0,0.0,0.0,0.0,0.0,0.0,19833.33333333333,11852.777777777776,25225.0,0.0,1422.2222222222222,0.0,3219.4444444444443,5855.555555555556,11180.555555555557,26991.666666666668,7679.8929620889085,11788.120770193493,7669.184473379351,111988.8888888889,6954.693776897616,7789.120288421271,12177.905826915265,12662.710057714998,7398.839226480262,11654.42533598745,7247.960236529697,8074.500909689759,10891.936557911164,6408.333333333333,146030.55555555553,0.0,146030.55555555553,0.0,0.0,0.0,0.0,0.0,258019.44444444444,41.26772,27.77097281118951,36.01302607705617,22.664771038302646,22.93706252469257,21.23803650493624,37.432463438742126,40.37390977009424,24.808809668121054,36.71533014337996,21.88759973086325,34.6918793777473,33.58189064344295,18.678971255209746,28.52383259807115,18.35202889287341,18.3405570475494,18.959836376844105,29.827725752238887,31.260089753492693,18.66515192433652,27.05456918010396,18.044898528233983,17.983477483727874,26.716443058503778,12.801305562452823,17.667719906449907,13.882974923404824,14.15013601491946,13.722518950803732,20.20225201847528,20.15119403623598,13.086221266303127,13.235823650554062,12.706796852127104,12.1965151184512,13.262300960349862,Metadata_TX_Commercial_TX_baseline_metadata_and_annual_results.csv,TX,com_13682.parquet
320588,0,1000.0,Hot-Humid,TX,Texas,,SmallHotel,Lodging,_1000,Electricity,Zone-by-Zone,Zone terminal equipment_Electric Resistance_DX,DX,Electric Resistance,default_nochange,PTAC with electric coil,Zone terminal equipment,gen2_t8_halogen,3,3,1981,0.0,0.0,0.0,0.0,0.0,0.0,6869.444444444444,7055.555555555557,3050.0,0.0,0.0,675.0,5047.222222222222,3433.333333333333,0.0,0.0,2202.5984627845146,3385.456895658304,2194.369837595517,31525.0,1996.464838107856,2392.4420042291986,3309.9091550062217,3112.7394652947264,2333.5494059101256,2951.6772697998003,2225.933353087587,2565.7659911842325,2854.7864066745,5394.444444444444,0.0,2172.222222222222,2172.222222222222,0.0,0.0,0.0,0.0,0.0,33697.222222222226,7.59225,5.336717566531698,6.7470187922265525,6.135127814535101,5.444564435481273,7.171382413202714,6.567663606850603,6.862972394770824,5.490623321616924,6.273893305133164,6.281696672458427,6.45793050892561,6.091055513312794,4.589287196380736,6.013482557111946,4.227055776208965,4.465811863873087,4.321063811176443,5.75912907767853,5.729955016412441,4.5124314124535845,5.460128635130221,4.522715859661767,5.043101093830279,5.366598089037172,3.994296655916056,5.353366325903739,3.898619577567047,3.949149307423122,3.879796338516243,5.00135271137059,4.729149137051397,3.92433836562135,4.704595313402349,3.9370290189687234,4.006115076380215,4.600814657533713,Metadata_TX_Commercial_TX_baseline_metadata_and_annual_results.csv,TX,com_15212.parquet
309737,0,7500.0,Hot-Humid,TX,Texas,,Outpatient,Healthcare,5001_10000,Electricity,Zone-by-Zone,DOAS+Zone terminal equipment_ASHP_ASHP,ASHP,ASHP,default_nochange,DOAS with VRF,DOAS+Zone terminal equipment,gen4_led,1,1,2017,0.0,0.0,0.0,0.0,0.0,0.0,52372.22222222223,4869.444444444444,23122.222222222223,2475.0,0.0,8491.666666666666,60619.44444444445,9991.666666666666,5.555555555555555,0.0,12255.274139964147,17494.92192495048,12654.96413408287,169036.1111111111,11326.64631876102,13158.416668751805,17331.391715046797,16221.379344023606,12276.342018304951,15516.036247959382,12189.253594329522,13737.752845095829,14874.560849648718,7091.666666666667,0.0,10149.999999999998,10149.999999999998,0.0,0.0,0.0,0.0,0.0,179186.11111111112,49.48423,37.18656361465578,44.9093848004883,33.81873914252689,35.78021520805571,34.8003163828871,47.90244053741984,44.44155341011879,35.430540231884606,43.48285560750848,37.054486938456336,41.65402927645067,43.89616605086428,30.13644029273503,42.84683672982966,25.20912511990736,25.666516187689385,26.44271343716833,40.49821331641193,40.96192677089316,28.643332743335307,37.17513545011306,25.82992108455965,27.65699874940985,39.47410298768476,12.98819799618459,16.09642973478256,12.30745481895972,11.379361309526336,11.361605475096455,19.174460412659183,20.722047999044744,11.119592340508468,16.765337398167034,11.0972400166531,11.365023378701354,13.446060074038192,Metadata_TX_Commercial_TX_baseline_metadata_and_annual_results.csv,TX,com_13420.parquet
318162,0,3000.0,Hot-Humid,TX,Texas,,RetailStandalone,Mercantile,1001_5000,NaturalGas,Residential Style Central Systems,Residential forced air_Furnace_DX,DX,Furnace,default_nochange,Residential AC with residential forced air furnace,Residential forced air,gen1_t12_incandescent,1,1,1991,0.0,0.0,0.0,0.0,0.0,0.0,13711.111111111111,7147.222222222222,10986.111111111111,0.0,0.0,0.0,5738.888888888889,15744.444444444443,0.0,0.0,3800.270969735575,5949.559728199674,3562.14594598556,53325.0,3222.20732021158,3562.5184997374404,5825.870101523441,5492.138911405403,3931.2944809594974,5135.716387638401,3616.805489066085,4371.578931925779,4855.782895844158,0.0,3088.8888888888887,0.0,3088.8888888888887,0.0,0.0,0.0,0.0,0.0,56413.8888888889,18.53527,10.950690473251464,16.600744895991546,9.85307273822754,10.327839013372747,9.506880080213367,16.739516761899473,15.642563400404136,10.998879554778473,14.723480349951652,10.715678554737996,13.448191242470973,14.864013147977916,9.627319369054405,14.803718397184888,8.840976271109762,8.623960536441816,8.435600913346407,14.326706867370516,14.27024832714304,9.856442135720464,12.48853583478436,9.21334877283699,10.36994112198179,12.043590748953765,7.161575398140736,11.023024128957813,7.861551295086593,6.803611308199043,7.861551295086593,11.33349890542092,10.776148186954533,8.237479693958885,9.55201979644718,7.863969166198149,8.731638889189504,9.89388103319095,Metadata_TX_Commercial_TX_baseline_metadata_and_annual_results.csv,TX,com_12975.parquet
308613,0,3000.0,Hot-Dry,TX,Texas,strip_mall_restaurant30,RetailStripmall,Mercantile,1001_5000,NaturalGas,Small Packaged Unit,Central Single-zone RTU_Furnace_DX,DX,Furnace,night_fancycle_novent,PSZ-AC with gas coil,Central Single-zone RTU,gen2_t8_halogen,1,1,1947,0.0,0.0,0.0,0.0,0.0,0.0,25408.33333333333,6530.555555555556,18663.888888888887,0.0,0.0,0.0,43958.333333333336,15480.555555555557,0.0,0.0,9069.304002086772,13125.291391452363,8412.850690997797,122872.22222222223,7811.226346193943,8585.126440020087,13016.44099914986,12767.376213148087,8996.693771640124,12133.24815192864,8362.329613951539,9709.160149069185,10883.73114479062,12833.333333333334,12716.666666666666,36102.777777777774,62824.99999999999,14005.555555555557,0.0,0.0,0.0,0.0,185697.2222222222,41.55348000000001,27.27326517819779,34.307190150474696,21.19814058672174,23.883103868606263,21.716037689222645,33.47961295604328,34.61172594142146,26.468736600649912,34.22434046585643,22.77780075910359,29.65372661305846,31.064667298300023,22.0943559912235,30.67925470053241,19.493258110439506,19.570860184697104,19.61308672526953,30.068495358438856,30.823610775334625,21.084278678445635,28.0019915238882,19.86735308109736,21.5852318364624,26.21399500896716,16.53341073184037,20.671974940573108,15.137319950709216,16.34556225081441,15.449870437648157,23.317773866462765,25.37358304360729,15.603241728076789,20.38511324130421,15.457740238964934,17.347411791398017,19.269361535851484,Metadata_TX_Commercial_TX_baseline_metadata_and_annual_results.csv,TX,com_13354.parquet
296852,0,3000.0,Mixed-Dry,TX,Texas,strip_mall_restaurant20,RetailStripmall,Mercantile,1001_5000,NaturalGas,Small Packaged Unit,Central Single-zone RTU_Furnace_DX,DX,Furnace,night_fanon_vent,PSZ-AC with gas coil,Central Single-zone RTU,gen1_t12_incandescent,1,1,1948,0.0,0.0,0.0,0.0,0.0,0.0,16686.111111111113,6830.555555555557,29752.777777777777,0.0,0.0,0.0,7069.444444444444,22544.444444444445,0.0,0.0,6653.173670507448,9738.547515123684,6470.207896392088,91313.88888888888,5866.690454150326,6517.300708779286,9838.586638190476,9469.889554047371,6624.845748415652,8921.810784879686,6297.634751651075,6942.281277164449,7971.578183021477,8425.0,30841.66666666666,0.0,42933.33333333333,12091.666666666666,0.0,0.0,0.0,0.0,134244.44444444444,31.12804,19.84176404646661,24.966440899435167,13.131219897670706,15.512218183346937,14.38902419625322,25.29591099003359,25.524625803770448,16.379871599277266,24.059396591766784,15.190708395476673,22.716789741790823,21.95736928761269,13.735200509509074,22.21727972082887,12.469438149901324,12.820340161999834,12.879304861332049,21.591462002557343,21.967670118201543,13.12085814910616,20.55226594538957,12.646515899539237,13.311451768880348,18.97097242382252,11.1529434549223,18.269879468529727,10.91672908187691,11.002633460436336,11.741403493588171,19.35009610373762,16.834364036498584,11.32514357239064,13.3090723539647,11.36069721051628,11.03607761609628,13.35168118354097,Metadata_TX_Commercial_TX_baseline_metadata_and_annual_results.csv,TX,com_14013.parquet
317253,0,1000.0,Hot-Humid,TX,Texas,strip_mall_restaurant30,RetailStripmall,Mercantile,_1000,NaturalGas,Multizone CAV/VAV,Central Multi-zone VAV RTU_Boiler _DX,DX,Boiler ,night_fanon_vent,PVAV with gas boiler reheat,Central Multi-zone VAV RTU,gen2_t8_halogen,1,1,2004,0.0,0.0,0.0,0.0,0.0,0.0,15805.555555555557,4183.333333333334,5833.333333333333,0.0,0.0,0.0,1963.8888888888887,5080.555555555556,80.55555555555556,0.0,2483.21372557462,4568.280783933994,2100.919429940924,37950.0,2025.5131881074767,2123.4691049224875,4723.903880406855,4495.380662465126,2584.4420408745364,3856.62557297036,2208.55385091938,2945.230342524129,3834.6687250959,5005.555555555556,12816.666666666664,0.0,21188.888888888887,8372.22222222222,0.0,0.0,0.0,0.0,59138.88888888889,13.15492,6.02891367845081,10.98247607817728,4.910433612026268,5.26690402182669,5.1242950503635,11.833182375198366,10.881452738236366,6.083137364719482,9.091324322081269,5.859448634283957,8.547239863075838,9.168707260645451,4.624109440260651,8.510403424278364,3.890263823569904,4.072811985284251,3.929466538080422,9.022803807934244,8.594483465789772,4.878746466327964,6.696544575654668,3.961563401176415,4.921542257467614,6.773285791911724,3.453864737165678,6.134327385055695,3.3468831576272007,3.355347616134048,3.400095616337595,6.240449492154356,6.041651299512426,3.723028567820303,5.09311781888746,3.362220429192458,3.356411311508317,5.308683505500431,Metadata_TX_Commercial_TX_baseline_metadata_and_annual_results.csv,TX,com_14231.parquet
320952,0,3000.0,Hot-Humid,TX,Texas,,FullServiceRestaurant,Food Service,1001_5000,DistrictHeating,Multizone CAV/VAV,Central Multi-zone VAV RTU_District_District,District,District,night_fanon_vent,VAV district chilled water with district hot water reheat,Central Multi-zone VAV RTU,gen2_t8_halogen,1,1,1962,332305.5555555555,332305.5555555555,0.0,60022.22222222221,127550.0,67527.77777777778,0.0,5469.444444444444,57819.44444444445,0.0,0.0,0.0,42513.88888888889,13105.555555555557,3000.0,14688.888888888889,10919.645336027075,12207.4008449108,11140.453292905237,136600.0,10093.89126512494,11214.356537785066,12315.027307271088,11798.183516131,11228.80431581948,11906.81719843353,10867.616199941884,11461.204877687442,11447.667408841991,0.0,0.0,302922.2222222222,302922.2222222222,0.0,0.0,0.0,0.0,0.0,899377.7777777779,27.73821,23.39485541511059,26.145338930395244,22.26335399292604,22.25794738506204,22.309417027895385,26.95939537254108,27.27283251681064,23.349758797947,26.547931365859007,23.20961798767257,24.914221842099103,25.59708961317101,22.196470615889982,24.88073357300376,21.82705099566712,21.34304799508164,21.571232221047563,24.968031274692216,25.163803609447733,21.77359658390585,24.060975975892443,22.07341846385656,21.814703440099443,23.56211289503204,20.610308741072227,22.26521884224511,21.15476867168633,20.50837792504381,20.88563313946891,23.24597152507313,23.076871806943974,20.77014878008985,21.970446917683127,21.334571034398685,20.4450226920944,21.492763950869733,Metadata_TX_Commercial_TX_baseline_metadata_and_annual_results.csv,TX,com_14619.parquet
299472,0,3000.0,Hot-Humid,TX,Texas,,QuickServiceRestaurant,Food Service,1001_5000,FuelOil,Residential Style Central Systems,Residential forced air_Furnace_None,,Furnace,default_nochange,Residential forced air furnace,Residential forced air,gen4_led,1,1,1995,0.0,0.0,0.0,0.0,0.0,0.0,0.0,8455.555555555557,9944.444444444443,0.0,0.0,0.0,34952.777777777774,7236.111111111111,0.0,15527.77777777778,7239.726939428825,7513.944168549525,7709.694635043056,89263.88888888889,6979.564325274072,7747.540433882594,7423.840222671644,7268.762314146307,7674.743464782266,7488.805164280317,7392.230666949168,7525.592140982294,7298.850420934172,13147.222222222224,0.0,26925.0,26925.0,0.0,0.0,7036.111111111111,7036.111111111111,0.0,123222.22222222222,20.47255,18.318932160987018,17.818645100352057,18.94660742580645,18.9785730629813,19.128176034956685,17.888344979005865,18.03390493188641,18.820112786902047,18.51079561729937,18.5698249481084,18.50421550266488,18.08035658156563,16.557319487357063,15.90543941214452,16.767138348305803,17.067780271386805,17.14461374159942,15.935819052494187,16.060407262507592,16.871315689321126,16.329288734112378,16.551517031376214,16.326868365187455,16.215060012009907,15.964028070034022,15.594774297040246,16.221108844537618,16.454304448728777,16.415375633876668,15.665796586311693,15.76794462410986,16.211484801960385,16.00608994589282,16.07383582594829,15.822258344587876,15.655392481662142,Metadata_TX_Commercial_TX_baseline_metadata_and_annual_results.csv,TX,com_12824.parquet
316623,0,3000.0,Hot-Dry,TX,Texas,,QuickServiceRestaurant,Food Service,1001_5000,Electricity,Small Packaged Unit,Central Single-zone RTU_Electric Resistance_DX,DX,Electric Resistance,night_fancycle_vent,PSZ-AC with electric coil,Central Single-zone RTU,gen4_led,1,1,1977,0.0,0.0,0.0,0.0,0.0,0.0,26494.444444444445,8302.777777777777,40597.22222222223,0.0,0.0,43158.333333333336,27583.33333333333,7236.111111111111,0.0,14186.111111111111,12897.100669484977,15314.589420917004,21197.561652590088,187897.22222222225,16603.053478821523,20194.358575801136,15549.175583872347,14896.456085896352,13783.792459031363,14494.30234548616,16119.61452732652,13907.870990373374,12938.61276483538,20338.888888888887,0.0,51400.0,51400.0,0.0,0.0,0.0,0.0,0.0,239297.22222222225,79.88708,44.89592397282778,35.797572606908915,79.15316692124897,61.42485066750063,77.1403195750523,38.43471253014845,38.00807604836078,54.99318246020096,38.510136151529096,60.01676015445688,47.559806699542975,31.638057899904886,28.89703770995531,33.11601190092805,47.76102253478295,45.04394633045443,52.5836615159764,32.450932738328945,33.40790319991733,32.11955815700978,31.46657232382117,40.60209962892351,29.79588865008347,28.30675702250957,21.29381563586473,27.939425191870573,24.371755503167368,22.818717224504105,23.45003233145583,30.15864062415092,26.689165696244512,22.2146648568588,22.68347229659152,23.312882605623216,21.52757543051138,23.44820008942028,Metadata_TX_Commercial_TX_baseline_metadata_and_annual_results.csv,TX,com_14567.parquet
294860,0,1000.0,Hot-Humid,TX,Texas,,QuickServiceRestaurant,Food Service,_1000,NaturalGas,Small Packaged Unit,Central Single-zone RTU_Furnace_DX,DX,Furnace,night_fanon_vent,PSZ-AC with gas coil,Central Single-zone RTU,gen4_led,1,1,1990,0.0,0.0,0.0,0.0,0.0,0.0,19127.777777777777,3147.222222222222,18263.888888888887,0.0,0.0,0.0,7605.555555555557,2477.777777777778,0.0,14841.666666666666,4544.487168697543,7758.909209032981,3946.096504983751,65463.88888888889,3733.141850077385,3933.436600766242,7623.639819228274,7342.589114795983,4565.236732700035,6537.326542993968,4026.5001270978255,5211.806422627425,6241.815567539331,0.0,16386.11111111111,40386.11111111111,63147.22222222221,6372.222222222222,0.0,0.0,0.0,0.0,128611.11111111112,15.81122,11.43776510360528,14.855255432198607,8.297004198574239,9.918266194614494,8.332474824482174,15.577992260175083,14.864721065583613,10.551169329806516,14.733449424061972,10.20765071362186,12.96758243077292,14.415204661637304,8.984565349320022,14.261874278628047,6.742495189556341,7.197287907301408,6.669577770959441,13.819912654587489,13.931635814172198,8.716849643160252,12.278365175921325,6.965350499112317,9.584895423640312,11.764043089320518,6.193758448844891,11.064030422505818,6.405548907874666,6.209212830593717,6.402430700652715,9.301091561388764,10.18638139804338,6.902251025306188,7.389980487845673,6.412595152682097,5.970736034286719,8.689356179703195,Metadata_TX_Commercial_TX_baseline_metadata_and_annual_results.csv,TX,com_15271.parquet
321680,0,7500.0,Hot-Humid,TX,Texas,,Warehouse,Warehouse and Storage,5001_10000,NaturalGas,Small Packaged Unit,Central Single-zone RTU_Furnace_DX,DX,Furnace,night_fancycle_vent,PSZ-AC with gas coil,Central Single-zone RTU,gen2_t8_halogen,1,1,1994,0.0,0.0,0.0,0.0,0.0,0.0,9947.222222222224,14552.77777777778,3225.0,0.0,0.0,0.0,18230.55555555555,7702.777777777778,0.0,0.0,3490.5355821630133,6375.98423900676,3734.8260184456426,53658.333333333336,3305.5874424877284,3790.6404637638943,6194.984124153223,5681.3429695951045,3557.0558704711552,5070.728812603066,3566.5898224607504,4223.78858561437,4666.0985511716135,0.0,9177.777777777776,0.0,9177.777777777776,0.0,0.0,0.0,0.0,0.0,62836.11111111112,15.51195,9.41605763301223,14.738460127029818,8.449128069487355,8.539502721778407,8.42366260322146,15.440703840478829,14.075773836425832,9.531441882777534,13.754708633819831,9.073363776273256,12.263222942419333,12.791445174097998,8.405068393540326,13.5644587310685,8.047633288746828,8.002170629517897,8.02907066271141,13.102647593382525,12.879680193179638,8.168675977809295,10.914617785976333,8.059013676906424,8.131326117436597,10.636525110919065,4.919927575558759,6.99971845603202,4.919927575558759,4.919927575558759,4.919927575558759,7.241043804397506,8.20008317775746,4.919927575558759,5.276591320139329,4.919927575558759,4.919927575558759,5.242183367882292,Metadata_TX_Commercial_TX_baseline_metadata_and_annual_results.csv,TX,com_12884.parquet
310540,0,1000.0,Hot-Humid,TX,Texas,,Warehouse,Warehouse and Storage,_1000,NaturalGas,Small Packaged Unit,Central Single-zone RTU_Furnace_DX,DX,Furnace,night_fanon_vent,PSZ-AC with gas coil,Central Single-zone RTU,gen2_t8_halogen,1,1,1987,0.0,0.0,0.0,0.0,0.0,0.0,3347.222222222222,4752.777777777778,4450.0,0.0,0.0,0.0,2691.6666666666665,1183.3333333333333,0.0,0.0,1170.837200423398,1729.1288325311748,1199.2891840052043,16422.222222222223,1077.596989683859,1192.6709213075624,1690.0933551480914,1557.63844996115,1229.578904054851,1500.0481183500012,1196.6093750642715,1397.3279888400646,1482.1153793213011,0.0,1594.444444444444,0.0,1594.444444444444,0.0,0.0,0.0,0.0,0.0,18016.666666666668,3.51412,2.611617381446014,3.3076440725976286,2.589385411110623,2.617353931372197,2.589385411110623,3.2793194866762563,3.1727533110518547,2.620623902311626,3.112321118176475,2.9745047896973404,3.0481849487171693,3.28301828168644,2.3076930186273743,3.0955058913138185,2.579849636126804,2.579849636126803,2.584617523618713,2.9273667492422946,2.8418918003428715,2.326958343358535,2.665651393195199,2.3172287936111937,2.6082338382110835,2.763554057034221,1.8169276587196488,2.4861181420295035,1.8169276587196488,1.8169276587196488,1.8096472425239265,2.3622339480142687,2.286223456428936,1.82931366889985,2.1157740027088066,1.8073918837358287,1.839705458840135,2.113343128725715,Metadata_TX_Commercial_TX_baseline_metadata_and_annual_results.csv,TX,com_13018.parquet
298007,0,1000.0,Hot-Humid,TX,Texas,,Warehouse,Warehouse and Storage,_1000,NaturalGas,Residential Style Central Systems,Residential forced air_Furnace_DX,DX,Furnace,default_nochange,Residential AC with residential forced air furnace,Residential forced air,gen2_t8_halogen,1,1,2010,0.0,0.0,0.0,0.0,0.0,0.0,4061.1111111111113,5672.222222222222,1044.4444444444446,0.0,0.0,0.0,2691.6666666666665,1183.3333333333333,0.0,0.0,840.4282456679175,1841.8727827369407,942.296922373446,14652.77777777778,823.1055810511625,952.9912221171346,2017.597065707513,1733.6772874721255,853.6476008752607,1423.782999001288,887.9450390806394,1067.5718205717412,1268.3869558878373,0.0,5236.11111111111,0.0,5236.11111111111,0.0,0.0,0.0,0.0,0.0,19888.88888888889,4.5477,2.464027207711003,3.621960430689147,2.5671382207405915,2.525914186339422,2.574282778251203,4.400312617441491,3.628713431233983,2.4635068270803635,3.2198604031431715,2.509863004895779,3.0891733038482414,3.457595696589059,2.1355316525490053,3.3576119842917174,2.416064124049172,2.410652515881697,2.425740661752272,3.482549945381912,3.1264241297526656,2.0856666051608475,2.545607361506792,2.1559782430902503,2.4301609147741705,2.665890938226248,1.5114089367301704,2.004259806576144,1.5114089367301704,1.515009305296535,1.5114089367301704,2.4685387759080046,2.445877078962058,1.5114089367301704,1.72920206650951,1.5114089367301704,1.5114089367301704,1.6016402489413837,Metadata_TX_Commercial_TX_baseline_metadata_and_annual_results.csv,TX,com_13025.parquet
300632,0,17500.0,Hot-Humid,TX,Texas,,Warehouse,Warehouse and Storage,10001_25000,NaturalGas,Small Packaged Unit,Central Single-zone RTU_Furnace_DX,DX,Furnace,night_fancycle_vent,PSZ-AC with gas coil,Central Single-zone RTU,gen4_led,1,1,1957,0.0,0.0,0.0,0.0,0.0,0.0,20180.555555555555,14438.888888888889,5722.222222222222,0.0,0.0,0.0,48219.444444444445,16563.888888888887,0.0,0.0,6788.974597428441,11958.922452141493,7190.904012981712,105127.77777777778,6439.531617591918,7327.469755216788,13432.695355493152,11360.88459248118,6834.476680268012,9948.6995537492,6863.026503502901,8027.396054860304,8954.687422567145,0.0,24250.0,0.0,24250.0,0.0,0.0,0.0,0.0,0.0,129377.77777777778,35.06654,20.85949009052514,30.28213913458195,20.54827653625987,20.466677119147928,20.64836239716852,34.8414390578046,30.290797543028336,20.8400256039436,28.445894105925124,20.59064070345602,25.58957765373621,28.32983657974859,19.79568610188024,27.531108707440563,20.06810583250191,20.084580392933063,20.085684241037768,28.593116884070188,26.346574922160865,20.032426655105823,23.291944135890304,20.06530718323328,20.23261269362036,21.85256890919953,6.844645607814699,9.37078520989686,6.844645607814699,6.860429177253216,6.844645607814699,13.862118682325937,13.338304002746764,6.844645607814699,7.99786431701101,6.844645607814699,6.844645607814699,7.017399726087984,Metadata_TX_Commercial_TX_baseline_metadata_and_annual_results.csv,TX,com_13513.parquet
308347,0,17500.0,Hot-Humid,TX,Texas,,Warehouse,Warehouse and Storage,10001_25000,NaturalGas,Residential Style Central Systems,Residential forced air_Furnace_DX,DX,Furnace,default_nochange,Residential AC with residential forced air furnace,Residential forced air,gen2_t8_halogen,1,1,1967,0.0,0.0,0.0,0.0,0.0,0.0,24055.555555555555,18377.777777777777,7005.555555555557,0.0,0.0,0.0,45377.777777777774,19677.777777777777,0.0,0.0,7340.995493967523,13187.210213127131,7698.814213356775,114494.44444444444,6886.113778994917,7891.164977627563,14372.61431495248,12942.936595104307,7337.282391846453,11162.788514833725,7376.641901466941,8514.373626557885,9784.320184128892,0.0,43477.777777777774,0.0,43477.777777777774,0.0,0.0,0.0,0.0,0.0,157972.22222222222,37.43787,21.359581155492755,33.71721031302259,21.48553121693676,19.941152595620743,21.557018285214447,37.39314346469926,34.92057677698884,21.159965204823305,32.733034502712066,21.12183874756284,29.51467168398264,31.95709818282556,19.392559103421327,30.84087234606689,19.199317513763308,19.089288041523137,20.31454035736231,31.77411438394014,30.73636673577268,19.441213397381144,27.43413739612455,19.155641580112395,20.11059422134956,24.009383140972737,7.912175129055796,10.298285201848309,7.912175129055796,8.048199862975059,7.912175129055796,17.711122319880907,15.74004347810933,7.912175129055796,9.884935524704591,7.968377991845843,8.052540973615542,8.596303075973168,Metadata_TX_Commercial_TX_baseline_metadata_and_annual_results.csv,TX,com_13576.parquet
310294,0,1000.0,Hot-Humid,TX,Texas,,Warehouse,Warehouse and Storage,_1000,NaturalGas,Small Packaged Unit,Central Single-zone RTU_Furnace_DX,DX,Furnace,night_fancycle_novent,PSZ-AC with gas coil,Central Single-zone RTU,gen2_t8_halogen,1,1,1994,0.0,0.0,0.0,0.0,0.0,0.0,3997.222222222222,5427.777777777778,1177.7777777777778,0.0,0.0,0.0,2983.333333333333,1358.3333333333333,0.0,0.0,887.8070969767997,1820.791432992124,943.918823527119,14944.444444444443,836.8386651016144,956.4300572892066,1794.822427128178,1646.758376075262,903.767464271812,1512.2759642312567,931.1624879157883,1281.5050689154957,1428.6957748778764,0.0,2716.666666666666,0.0,2716.666666666666,0.0,0.0,0.0,0.0,0.0,17661.11111111111,3.6721,2.434622038183472,3.4557507970521706,2.4648467375207583,2.4240108535733023,2.4940818840248986,3.643816920482823,3.515554888282846,2.4493700157503007,3.283188529753622,2.775475273022219,3.2050475480092286,3.491335389663832,2.3518947274198814,3.247556553543087,2.3634735735338213,2.3634735735338213,2.3634735735338213,3.2399782204286804,3.069238824410111,2.3634735735338213,2.713179245968946,2.3398305328425857,2.4757058188361003,2.7535979012788614,1.4530858763528915,2.463200484731623,1.456490112467778,1.4558261430125454,1.4530858763528915,2.098126658312406,2.4276799054088025,1.4530858763528915,1.959208422234216,1.4530858763528915,1.5197796903228706,1.8430674575718644,Metadata_TX_Commercial_TX_baseline_metadata_and_annual_results.csv,TX,com_13578.parquet
310019,0,3000.0,Hot-Dry,TX,Texas,,Warehouse,Warehouse and Storage,1001_5000,NaturalGas,Residential Style Central Systems,Residential forced air_Furnace_None,,Furnace,default_nochange,Residential forced air furnace,Residential forced air,gen2_t8_halogen,1,1,1992,0.0,0.0,0.0,0.0,0.0,0.0,0.0,7655.555555555557,355.55555555555554,0.0,0.0,0.0,9338.888888888889,4308.333333333333,0.0,0.0,1729.439429734782,1742.302463451393,2026.7055517878423,21655.555555555555,1744.70349174594,2033.4332848920988,1735.1912499980106,1602.4611611793305,1793.315760105456,1748.3361935128776,1867.699267352346,1906.982400481313,1726.2792776158558,0.0,11805.555555555551,0.0,11805.555555555551,0.0,0.0,0.0,0.0,0.0,33461.11111111111,5.37928,4.77414987206049,4.77414987206049,5.346746335907735,5.207215123274288,5.3614147416171605,4.77414987206049,4.77414987206049,5.0351091598248585,4.77414987206049,5.27953145585626,5.14837908953219,4.77414987206049,4.77414987206049,4.77414987206049,5.078881157802881,4.77414987206049,5.0351091598248585,4.77414987206049,4.77414987206049,4.77414987206049,4.77414987206049,4.77414987206049,4.77414987206049,4.77414987206049,2.3865906279392526,2.385836571131994,2.401745986901383,2.402072566870735,2.4154481343052736,2.385836571131994,2.385836571131994,2.385836571131994,2.385836571131994,2.38991082665114,2.385836571131994,2.385836571131994,Metadata_TX_Commercial_TX_baseline_metadata_and_annual_results.csv,TX,com_13887.parquet
295881,0,1000.0,Hot-Dry,TX,Texas,,Warehouse,Warehouse and Storage,_1000,NaturalGas,Small Packaged Unit,Central Single-zone RTU_Furnace_DX,DX,Furnace,night_fanon_vent,PSZ-AC with gas coil,Central Single-zone RTU,gen2_t8_halogen,1,1,1987,0.0,0.0,0.0,0.0,0.0,0.0,3652.7777777777774,6066.666666666667,5638.888888888889,0.0,0.0,0.0,3241.6666666666665,1513.888888888889,0.0,0.0,1483.25153714888,2080.3264257335813,1505.1095975870762,20113.888888888887,1330.8943187393688,1513.303031984576,2097.519657354952,1944.084369234697,1480.0001797603877,1919.1422680358853,1459.3624180029317,1572.8210922402434,1729.2678594437514,0.0,7944.444444444443,0.0,7944.444444444443,0.0,0.0,0.0,0.0,0.0,28058.33333333333,4.8562,3.683399942347085,4.243575384302179,3.0444654860592464,3.044242924067761,3.541721851912711,4.80293778611958,4.348393411407928,3.0944722835917573,4.686921788139042,3.61856557943732,3.7641228728404927,3.7026699766265385,3.0226766665051588,3.796563928794868,3.044242924067761,3.044242924067761,3.044242924067761,3.63432801053604,3.690020301701309,3.044242924067761,3.447210146992797,3.044242924067761,3.0368624909199,3.2419707867807115,2.2407580572770707,2.438495638394916,2.262324314839674,2.262324314839674,2.262324314839674,3.045477094974909,2.5927553619640764,2.2407580572770707,2.44018682153533,2.249752830122333,2.2434263758227826,2.762996853864512,Metadata_TX_Commercial_TX_baseline_metadata_and_annual_results.csv,TX,com_14117.parquet
306930,0,37500.0,Hot-Humid,TX,Texas,,Warehouse,Warehouse and Storage,25001_50000,Electricity,Multizone CAV/VAV,Central Multi-zone VAV RTU_Furnace_DX,DX,Furnace,night_fanon_vent,PVAV with gas heat with electric reheat,Central Multi-zone VAV RTU,gen3_t5_cfl,1,1,2010,0.0,0.0,0.0,0.0,0.0,0.0,74697.22222222222,42622.22222222223,42983.333333333336,0.0,0.0,22186.11111111112,93586.11111111112,39700.0,0.0,0.0,23134.57667340825,29225.282136231297,25833.119423292697,315777.7777777778,23630.70231011716,30716.37256067719,29168.54492669887,27148.45828518726,23679.66200787074,26849.25689131724,24917.62724017284,25427.729125033744,26046.477919831523,0.0,0.0,0.0,0.0,0.0,0.0,0.0,0.0,0.0,315777.7777777778,129.15708,53.87683869729402,73.10645650384902,98.6345112715746,85.17984737213989,120.82366775730586,69.96255809380679,67.78853647456879,55.59140783705172,66.8372725039038,93.56307303393189,62.76083890453284,69.9565482367757,50.17638631420019,66.69542084676091,51.34272425227104,51.21831892362503,58.801143491228856,64.02829898052715,60.45957999348904,50.80007403662183,55.63968240240367,51.74872021754247,53.59737087248666,53.76604023210008,26.31396314199964,33.92157628103376,27.33704649003229,30.09686328256493,27.664576302198263,33.2267264747291,33.63630117095608,30.06479362924724,31.34855983213728,27.866398280866704,27.907329137960804,31.99626260087548,Metadata_TX_Commercial_TX_baseline_metadata_and_annual_results.csv,TX,com_14536.parquet
315361,0,3000.0,Hot-Humid,TX,Texas,,Warehouse,Warehouse and Storage,1001_5000,NaturalGas,Small Packaged Unit,Central Single-zone RTU_Furnace_DX,DX,Furnace,night_fancycle_vent,PSZ-AC with gas coil,Central Single-zone RTU,gen1_t12_incandescent,1,1,1960,0.0,0.0,0.0,0.0,0.0,0.0,6644.444444444444,7291.666666666667,1841.6666666666667,0.0,0.0,0.0,7780.555555555557,6866.666666666667,0.0,0.0,1971.687197512931,3755.5999502578816,2018.5268485582328,30425.0,1790.74361026447,2053.2541874645785,3721.917545671149,3333.091273890881,1934.6878793577384,2994.490119628826,1928.3911212671728,2308.514185765774,2614.638493596347,0.0,3269.4444444444443,0.0,3269.4444444444443,0.0,0.0,0.0,0.0,0.0,33694.444444444445,9.20634,5.958974274640412,8.813825084425462,4.700066591725856,4.735059492102033,4.686480492670422,9.197633502376943,8.33878888577173,5.283457653037757,8.230497291419661,5.079744775557333,7.003008926523069,7.373726501639462,4.69801313269838,8.101362880306468,4.347752238378796,4.349514493711747,4.523588741028303,7.870405706642906,7.449259256584821,4.584732704857766,6.471911983636637,4.357067868695735,4.681978287927932,6.0933980440629165,2.43409797033387,3.415824854047837,2.43409797033387,2.43409797033387,2.43409797033387,3.763171861780818,4.321376809426386,2.43409797033387,3.058280076438685,2.43409797033387,2.43409797033387,2.6976980422623225,Metadata_TX_Commercial_TX_baseline_metadata_and_annual_results.csv,TX,com_14650.parquet
298007,0,1000.0,Hot-Humid,TX,Texas,,Warehouse,Warehouse and Storage,_1000,NaturalGas,Residential Style Central Systems,Residential forced air_Furnace_DX,DX,Furnace,default_nochange,Residential AC with residential forced air furnace,Residential forced air,gen2_t8_halogen,1,1,2010,0.0,0.0,0.0,0.0,0.0,0.0,4061.1111111111113,5672.222222222222,1044.4444444444446,0.0,0.0,0.0,2691.6666666666665,1183.3333333333333,0.0,0.0,840.4282456679175,1841.8727827369407,942.296922373446,14652.77777777778,823.1055810511625,952.9912221171346,2017.597065707513,1733.6772874721255,853.6476008752607,1423.782999001288,887.9450390806394,1067.5718205717412,1268.3869558878373,0.0,5236.11111111111,0.0,5236.11111111111,0.0,0.0,0.0,0.0,0.0,19888.88888888889,4.5477,2.464027207711003,3.621960430689147,2.5671382207405915,2.525914186339422,2.574282778251203,4.400312617441491,3.628713431233983,2.4635068270803635,3.2198604031431715,2.509863004895779,3.0891733038482414,3.457595696589059,2.1355316525490053,3.3576119842917174,2.416064124049172,2.410652515881697,2.425740661752272,3.482549945381912,3.1264241297526656,2.0856666051608475,2.545607361506792,2.1559782430902503,2.4301609147741705,2.665890938226248,1.5114089367301704,2.004259806576144,1.5114089367301704,1.515009305296535,1.5114089367301704,2.4685387759080046,2.445877078962058,1.5114089367301704,1.72920206650951,1.5114089367301704,1.5114089367301704,1.6016402489413837,Metadata_TX_Commercial_TX_baseline_metadata_and_annual_results.csv,TX,com_14772.parquet
321228,0,1000.0,Hot-Humid,TX,Texas,,Warehouse,Warehouse and Storage,_1000,NaturalGas,Small Packaged Unit,Central Single-zone RTU_Furnace_DX,DX,Furnace,night_fancycle_vent,PSZ-AC with gas coil,Central Single-zone RTU,gen1_t12_incandescent,1,1,2008,0.0,0.0,0.0,0.0,0.0,0.0,3608.3333333333335,5672.222222222222,1125.0,0.0,0.0,0.0,3469.4444444444443,3369.4444444444443,0.0,0.0,1067.8745866461725,2010.5309311085,1200.9596068378116,17244.444444444445,1058.1716102736725,1221.485129948063,2188.800632083065,1894.3331103264543,1092.2280822823427,1582.3705075109226,1135.178347683423,1318.9080132104164,1473.5847762398205,0.0,5708.333333333332,0.0,5708.333333333332,0.0,0.0,0.0,0.0,0.0,22952.777777777777,4.662350000000001,2.834255505291116,4.112778316754405,2.906339961583719,2.872254525918468,2.898266597347064,4.659994412427956,4.031108160555493,2.8379086041219286,3.732686645702283,2.8579559601492424,3.670131339861389,3.880102552981004,2.773661713247449,3.6083990011803113,2.77555209548328,2.773661713247449,2.803211304994478,3.9292278601058808,3.416798001804369,2.758783092756639,3.097636347199955,2.773661713247449,2.7931633425204154,2.9538907071240423,1.5544337876533318,1.881577990027626,1.5544337876533318,1.56728019897741,1.5544337876533318,2.815750375071665,2.8182898905224976,1.5544337876533318,1.5544337876533318,1.5544337876533318,1.5544337876533318,1.5544337876533318,Metadata_TX_Commercial_TX_baseline_metadata_and_annual_results.csv,TX,com_15124.parquet
304407,0,1000.0,Hot-Humid,TX,Texas,,Warehouse,Warehouse and Storage,_1000,Electricity,Multizone CAV/VAV,Central Multi-zone VAV RTU_Electric Resistance_DX,DX,Electric Resistance,night_fanon_vent,PVAV with PFP boxes,Central Multi-zone VAV RTU,gen2_t8_halogen,1,1,2008,0.0,0.0,0.0,0.0,0.0,0.0,4150.0,5675.0,1694.4444444444446,0.0,0.0,1877.7777777777776,3047.222222222222,1397.2222222222222,0.0,0.0,1103.7957319135226,1889.253070949189,1394.3940226838083,17838.888888888887,1225.482820765216,1850.5112992278405,1831.674232785349,1651.7708207317244,1110.6101444333954,1564.0156920494628,1380.7925522006403,1349.204632203169,1487.2363182799236,0.0,0.0,0.0,0.0,0.0,0.0,0.0,0.0,0.0,17838.88888888889,9.80526,3.775568773638988,4.481708052061836,7.359148901241379,6.66089254013724,9.724344628601257,4.319142546815562,4.1849247892923485,3.21163948045152,4.294141760894268,7.122092110627387,4.701541189420812,4.74454536704217,2.905419081033944,3.810412454570344,2.7057408402830854,2.812459737615699,3.329789300830871,3.756290993175309,3.491774610888492,2.7132013048414145,3.552496316758109,2.999222397383373,2.8476430553507286,3.543000727626663,1.558209494958507,2.585946622386261,1.9835007356914376,1.5574201955378426,1.5565432922921216,2.4093245788713937,2.295218591428996,1.5633955782895164,2.1167274799440774,1.5576905777355912,1.5599936843292488,2.072706024339824,Metadata_TX_Commercial_TX_baseline_metadata_and_annual_results.csv,TX,com_15157.parquet
300509,0,17500.0,Mixed-Dry,TX,Texas,,SmallOffice,Office,10001_25000,Electricity,Small Packaged Unit,Central Single-zone RTU_Electric Resistance_DX,DX,Electric Resistance,night_fancycle_novent,PSZ-AC with electric coil,Central Single-zone RTU,gen1_t12_incandescent,2,2,1993,0.0,0.0,0.0,0.0,0.0,0.0,22455.555555555555,12833.333333333334,20761.11111111112,0.0,0.0,76191.66666666667,50308.333333333336,35833.333333333336,2.7777777777777777,0.0,15535.458515436736,15059.846963742615,29000.8774030618,218386.1111111111,24138.901401564584,28092.05967078614,15876.49623646804,14407.792398825924,14861.835188740955,13654.372813317264,21345.10373710893,14390.440417264874,12022.121344613764,0.0,0.0,0.0,7972.222222222221,7972.222222222221,0.0,0.0,0.0,0.0,226358.3333333333,157.96238,92.0310101033596,59.732263533127714,139.063963854984,121.00454570406984,150.3577170494543,66.34963528861779,62.10269140473199,88.86676998780048,65.00000167151566,123.69089642901226,87.35223185872181,53.39560206810866,36.84602409829671,49.34568884072344,54.34881437881326,64.56608412359826,60.10808261717075,51.87329405287153,51.19707600198747,44.576153419676615,44.41053825983949,45.932598419992686,34.21727779771937,40.47167667538439,8.775937991630526,8.775937991630526,24.20284229400676,33.70723739960502,26.644775689584925,8.529573159085034,8.506636058381774,9.11268764900817,8.506636058381774,23.759120790265936,10.56857094542172,8.775937991630526,Metadata_TX_Commercial_TX_baseline_metadata_and_annual_results.csv,TX,com_12926.parquet
319093,0,3000.0,Hot-Dry,TX,Texas,,SmallOffice,Office,1001_5000,NaturalGas,Residential Style Central Systems,Residential forced air_Furnace_None,,Furnace,default_nochange,Residential forced air furnace,Residential forced air,gen2_t8_halogen,2,2,1987,0.0,0.0,0.0,0.0,0.0,0.0,0.0,3469.4444444444443,583.3333333333334,0.0,0.0,0.0,4405.555555555556,3652.7777777777774,0.0,0.0,1041.3534289225577,1054.82313966409,1333.5463477293615,13388.888888888889,1044.0307540878218,1402.8682199397197,1046.1924608809663,980.9777146713104,1085.2165903107102,1057.3636448886414,1155.0909399841987,1152.6396333888972,1034.4358504569616,1275.0,586.111111111111,0.0,586.111111111111,0.0,0.0,0.0,0.0,0.0,13975.000000000002,6.44709,4.257408695184032,4.257408695184032,6.352701728335447,5.167043120082476,6.352701728335447,4.257408695184032,4.257408695184032,5.072816918105283,4.257408695184032,5.470254595048623,5.470254595048623,4.257408695184032,4.065278464579668,3.9575287884503614,5.167043120082476,4.199703727249596,5.072816918105283,3.9019893791228086,3.880921309437406,4.071342632078811,3.978916434838337,4.181356119437133,4.116305007295988,3.893297481490994,2.153290763270485,2.0741527457774773,2.161445416766667,2.153290763270485,2.2966913138204794,2.109683797181146,2.1516320566328933,2.137811864641567,2.103770565659864,2.153290763270485,2.153290763270485,2.153290763270485,Metadata_TX_Commercial_TX_baseline_metadata_and_annual_results.csv,TX,com_12941.parquet
319677,0,1000.0,Hot-Humid,TX,Texas,,SmallOffice,Office,_1000,Electricity,Small Packaged Unit,Central Single-zone RTU_Electric Resistance_DX,DX,Electric Resistance,night_fanon_vent,PSZ-AC with electric coil,Central Single-zone RTU,gen4_led,2,2,1994,0.0,0.0,0.0,0.0,0.0,0.0,6105.555555555556,2155.555555555556,6547.222222222222,0.0,0.0,627.7777777777777,6588.888888888889,1455.5555555555554,0.0,0.0,1766.6980597394104,2531.2028944292056,1713.4478976563068,24361.11111111112,1605.090498774943,1901.6344135447537,2505.2237383246274,2329.839693602033,1793.2643815378306,2269.700498274039,1764.0614842155626,2000.5945824760083,2179.3970258573795,880.5555555555555,0.0,0.0,0.0,0.0,0.0,0.0,0.0,0.0,24361.11111111112,10.456,4.28126903027624,5.6144629503802514,7.384073629951243,6.542127629516273,8.533783809082236,5.390739101931494,5.2852328179218055,4.203133887380066,5.08062254498583,6.344516133177758,5.1536814803425,5.378543201839419,3.303685013648888,5.170496307388338,2.791238680979041,3.0415250407424903,2.922985984515849,4.939983398658611,4.925640120589651,3.100188665235078,4.430389125766025,3.145963787755668,3.408511244588432,4.579131057098225,2.121654178487518,2.586754695241396,2.061208276096191,2.0521366665175504,2.061208276096191,2.577117393805862,2.5739114677908588,2.0521366665175504,2.4353121224967023,2.0511148471238547,2.121654178487518,2.281692349074604,Metadata_TX_Commercial_TX_baseline_metadata_and_annual_results.csv,TX,com_13291.parquet
306330,0,1000.0,Hot-Humid,TX,Texas,,SmallOffice,Office,_1000,Electricity,Zone-by-Zone,Zone terminal equipment_Electric Resistance_DX,DX,Electric Resistance,default_nochange,PTAC with electric coil,Zone terminal equipment,gen2_t8_halogen,1,1,2014,0.0,0.0,0.0,0.0,0.0,0.0,3836.1111111111113,1963.8888888888887,1847.2222222222224,0.0,0.0,2333.333333333333,1380.5555555555554,2327.777777777778,0.0,0.0,711.2192171845553,1741.7941880520889,1163.1620104236758,14566.666666666666,1168.5576090377217,1566.095569885767,1668.380780195189,1541.825126982305,702.4188858627901,1170.9871435092057,976.5777591031408,971.5886121183336,1183.9481293796036,877.7777777777777,0.0,0.0,0.0,0.0,0.0,0.0,0.0,0.0,14566.666666666666,7.98624,4.783782802576108,5.3954714375813495,7.662755268302426,7.464732758026658,7.969578958362417,5.049464171464635,5.505192267376097,6.4845767160640655,4.821983553374256,7.254366917939494,5.22845372122597,4.563230086340101,2.172296840343079,4.276916027712752,3.793513084752497,4.180082845370732,5.776351996731749,4.227698188882731,3.8984390639663378,2.118734240685756,3.236846802115107,2.5803745850061373,2.460638789375762,3.200855475124716,0.890496823737446,1.4074395962207698,0.9356474392472328,0.945820467064502,0.9610045822089132,1.564554835960128,1.9565592345722465,0.9356474392472328,0.9098802210947632,0.8808145072195668,0.9098802210947632,1.01664264112222,Metadata_TX_Commercial_TX_baseline_metadata_and_annual_results.csv,TX,com_13393.parquet
315039,0,1000.0,Hot-Humid,TX,Texas,,SmallOffice,Office,_1000,Electricity,Small Packaged Unit,Central Single-zone RTU_Electric Resistance_DX,DX,Electric Resistance,night_fanon_vent,PSZ-AC with electric coil,Central Single-zone RTU,gen4_led,1,1,2012,0.0,0.0,0.0,0.0,0.0,0.0,6347.222222222222,2097.222222222222,7419.444444444444,0.0,0.0,1197.2222222222222,3638.888888888889,1511.111111111111,0.0,0.0,1589.440167373888,2416.7241437981256,1684.3126282942326,23055.555555555555,1558.107349556044,1944.0528827946368,2368.4553869779465,2187.25574122062,1602.9107155384158,2097.5157179602184,1682.208693249887,1858.8912466268048,2065.5122791700715,844.4444444444445,0.0,0.0,0.0,0.0,0.0,0.0,0.0,0.0,23055.555555555555,6.896560000000001,3.79590931495531,5.0597106224432045,5.6240256108427005,4.956723176883221,6.8038856336315785,4.973119982698038,4.7881700225805215,3.793665882962193,4.717193487159999,5.192469950355065,4.635370842885556,4.940243594693127,3.2055573392736147,4.705869445921251,2.833007126176437,3.046215405376196,3.046458571206013,4.596538891598407,4.317448680450285,2.928628334036823,4.058472600831001,3.0424712232261086,3.1429364156728936,3.9433006008761415,1.928464911203428,2.6879067036223385,2.069429105498019,1.909581791038809,2.069429105498019,2.730942710388582,2.7752668019248903,1.928464911203428,2.270853899784898,1.909581791038809,2.069429105498019,2.462709397310657,Metadata_TX_Commercial_TX_baseline_metadata_and_annual_results.csv,TX,com_13515.parquet
300572,0,3000.0,Hot-Humid,TX,Texas,,SmallOffice,Office,1001_5000,NaturalGas,Residential Style Central Systems,Residential forced air_Furnace_None,,Furnace,default_nochange,Residential forced air furnace,Residential forced air,gen2_t8_halogen,2,2,1977,0.0,0.0,0.0,0.0,0.0,0.0,0.0,2758.333333333333,1483.3333333333333,0.0,0.0,0.0,8266.666666666668,6591.666666666667,0.0,0.0,1611.58214606531,1599.9007236376528,2014.130759157344,20730.555555555555,1854.9017020000488,2103.547599672301,1615.352910335082,1493.2870379136707,1639.764991652837,1627.2423526878415,1835.1340924909427,1779.3681361509632,1555.5754614607624,1630.5555555555554,5200.0,0.0,5200.0,0.0,0.0,0.0,0.0,0.0,25930.555555555555,7.21486,5.242853183936018,4.327289347829197,7.11607568020847,7.187917391034827,7.167271956308845,4.327289347829197,4.327289347829197,5.526579252635735,4.327289347829197,7.067607785675954,6.035421720490121,4.327289347829197,4.301583046216695,4.234846377052407,5.4146582834467605,4.317626583928867,5.778077191658366,4.234414438222477,4.240187444539943,4.255447637002841,4.301195390373022,4.429064658328565,4.306643913103215,4.254130679154427,1.960901456635554,1.803225960532443,1.960901456635554,1.960901456635554,1.960901456635554,1.7969599841887949,1.7969599841887949,1.803225960532443,1.803225960532443,1.859607718707569,1.960901456635554,1.960901456635554,Metadata_TX_Commercial_TX_baseline_metadata_and_annual_results.csv,TX,com_13807.parquet
319677,0,1000.0,Hot-Humid,TX,Texas,,SmallOffice,Office,_1000,Electricity,Small Packaged Unit,Central Single-zone RTU_Electric Resistance_DX,DX,Electric Resistance,night_fanon_vent,PSZ-AC with electric coil,Central Single-zone RTU,gen4_led,2,2,1994,0.0,0.0,0.0,0.0,0.0,0.0,6105.555555555556,2155.555555555556,6547.222222222222,0.0,0.0,627.7777777777777,6588.888888888889,1455.5555555555554,0.0,0.0,1766.6980597394104,2531.2028944292056,1713.4478976563068,24361.11111111112,1605.090498774943,1901.6344135447537,2505.2237383246274,2329.839693602033,1793.2643815378306,2269.700498274039,1764.0614842155626,2000.5945824760083,2179.3970258573795,880.5555555555555,0.0,0.0,0.0,0.0,0.0,0.0,0.0,0.0,24361.11111111112,10.456,4.28126903027624,5.6144629503802514,7.384073629951243,6.542127629516273,8.533783809082236,5.390739101931494,5.2852328179218055,4.203133887380066,5.08062254498583,6.344516133177758,5.1536814803425,5.378543201839419,3.303685013648888,5.170496307388338,2.791238680979041,3.0415250407424903,2.922985984515849,4.939983398658611,4.925640120589651,3.100188665235078,4.430389125766025,3.145963787755668,3.408511244588432,4.579131057098225,2.121654178487518,2.586754695241396,2.061208276096191,2.0521366665175504,2.061208276096191,2.577117393805862,2.5739114677908588,2.0521366665175504,2.4353121224967023,2.0511148471238547,2.121654178487518,2.281692349074604,Metadata_TX_Commercial_TX_baseline_metadata_and_annual_results.csv,TX,com_13828.parquet
318096,0,1000.0,Hot-Humid,TX,Texas,,SmallOffice,Office,_1000,NaturalGas,Small Packaged Unit,Central Single-zone RTU_Furnace_DX,DX,Furnace,night_fanon_vent,PSZ-AC with gas coil,Central Single-zone RTU,gen2_t8_halogen,1,1,1995,0.0,0.0,0.0,0.0,0.0,0.0,3127.777777777778,2513.888888888889,5222.222222222222,0.0,0.0,0.0,3844.444444444445,2002.7777777777776,0.0,0.0,1238.7999385881126,1870.445150635137,1272.025948817813,17638.888888888887,1140.7823793945672,1277.333581467175,1860.4443062870405,1761.799222006157,1260.923577007006,1640.5342994959533,1237.4550078504394,1457.8539699810042,1619.4053169582417,927.7777777777776,5888.888888888889,0.0,5888.888888888889,0.0,0.0,0.0,0.0,0.0,23527.777777777777,4.807,2.9373434593458554,4.75727568907775,2.32674735337538,2.6057208156198524,2.32674735337538,4.515807147482797,4.401833173126356,2.934963796579554,4.2854442454080965,2.785748676566371,4.015193983987608,4.279128532481179,2.32674735337538,3.768048240658541,2.32674735337538,2.32674735337538,2.32674735337538,3.836294882340973,3.756687458924742,2.32674735337538,3.402708018400745,2.32674735337538,2.330862992921957,3.2834457117514746,1.7100686052382406,1.7100686052382406,1.8087321876801603,1.8719207226843768,1.9584879914644016,1.7100686052382406,2.1976352483097097,1.8719207226843768,1.704131942065922,1.8719207226843768,1.9584879914644016,1.704131942065922,Metadata_TX_Commercial_TX_baseline_metadata_and_annual_results.csv,TX,com_13833.parquet
313391,0,1000.0,Hot-Humid,TX,Texas,,SmallOffice,Office,_1000,Electricity,Small Packaged Unit,Central Single-zone RTU_Electric Resistance_DX,DX,Electric Resistance,night_fanon_vent,PSZ-AC with electric coil,Central Single-zone RTU,gen2_t8_halogen,1,1,1966,0.0,0.0,0.0,0.0,0.0,0.0,7605.555555555557,2866.6666666666665,8547.222222222223,0.0,0.0,566.6666666666666,3094.4444444444443,1227.7777777777778,0.0,0.0,1714.2745839801532,2717.693711179116,1620.5271094311067,24761.11111111112,1544.6609420242926,1824.1421511951648,2666.736001480665,2501.282649624663,1769.5633801054737,2349.355238507081,1686.452369388653,2046.907145782946,2320.5842774897087,850.0,0.0,0.0,0.0,0.0,0.0,0.0,0.0,0.0,24761.11111111111,8.38767,4.700539495400565,5.470636458761256,6.0556096452972,5.386111713144634,6.9252469943306,5.362514494055853,5.264602824670567,4.704643514746349,5.031734115099472,5.433907611655611,5.169869381148782,5.335139065913947,3.6160808728502616,5.043930717870081,3.374395600573899,3.439517225408916,3.334914734954057,4.976786331690264,4.916457554571396,3.5145254286205327,4.446736962281934,3.1915984917428446,3.891156039307271,4.900936994640576,2.0432259737608938,3.222784651680904,2.167112344734764,2.167112344734764,2.167112344734764,3.038445465411837,3.2019130470924857,2.105962662299641,2.794077393826169,2.167112344734764,2.053066306294434,2.7864855991780075,Metadata_TX_Commercial_TX_baseline_metadata_and_annual_results.csv,TX,com_14056.parquet
306330,0,1000.0,Hot-Humid,TX,Texas,,SmallOffice,Office,_1000,Electricity,Zone-by-Zone,Zone terminal equipment_Electric Resistance_DX,DX,Electric Resistance,default_nochange,PTAC with electric coil,Zone terminal equipment,gen2_t8_halogen,1,1,2014,0.0,0.0,0.0,0.0,0.0,0.0,3836.1111111111113,1963.8888888888887,1847.2222222222224,0.0,0.0,2333.333333333333,1380.5555555555554,2327.777777777778,0.0,0.0,711.2192171845553,1741.7941880520889,1163.1620104236758,14566.666666666666,1168.5576090377217,1566.095569885767,1668.380780195189,1541.825126982305,702.4188858627901,1170.9871435092057,976.5777591031408,971.5886121183336,1183.9481293796036,877.7777777777777,0.0,0.0,0.0,0.0,0.0,0.0,0.0,0.0,14566.666666666666,7.98624,4.783782802576108,5.3954714375813495,7.662755268302426,7.464732758026658,7.969578958362417,5.049464171464635,5.505192267376097,6.4845767160640655,4.821983553374256,7.254366917939494,5.22845372122597,4.563230086340101,2.172296840343079,4.276916027712752,3.793513084752497,4.180082845370732,5.776351996731749,4.227698188882731,3.8984390639663378,2.118734240685756,3.236846802115107,2.5803745850061373,2.460638789375762,3.200855475124716,0.890496823737446,1.4074395962207698,0.9356474392472328,0.945820467064502,0.9610045822089132,1.564554835960128,1.9565592345722465,0.9356474392472328,0.9098802210947632,0.8808145072195668,0.9098802210947632,1.01664264112222,Metadata_TX_Commercial_TX_baseline_metadata_and_annual_results.csv,TX,com_14123.parquet
303579,0,1000.0,Hot-Humid,TX,Texas,,SmallOffice,Office,_1000,Electricity,Small Packaged Unit,Central Single-zone RTU_Electric Resistance_DX,DX,Electric Resistance,night_fancycle_vent,PSZ-AC with electric coil,Central Single-zone RTU,gen1_t12_incandescent,1,1,1999,0.0,0.0,0.0,0.0,0.0,0.0,4330.555555555556,2950.0,2269.4444444444443,0.0,0.0,691.6666666666666,2397.222222222222,1869.4444444444448,0.0,0.0,897.0718438242573,1684.0270379857782,929.3294829135948,14511.111111111111,870.5845248382742,1215.5952621230774,1627.865648462208,1501.2118573930852,929.2635202325296,1336.3982350721594,984.780379686262,1174.9265905375007,1358.8909338996027,0.0,0.0,0.0,330.55555555555554,330.55555555555554,0.0,0.0,0.0,0.0,14841.666666666668,9.76606,3.890067252007341,5.071168805149266,5.4114908852222205,4.838631782986127,6.773099122939106,4.780871700875986,4.838325589702212,3.698398232861192,4.65954006694781,4.787499100942868,4.695728297328552,4.976558284860302,2.9410244503458323,4.724996235396986,2.5533643918370714,2.7243116200448805,2.815004262726665,4.502086251838397,4.425482717994362,2.7904399987222988,4.105249468452627,2.652052942325058,2.91081647467119,3.9837400222989534,0.9320488922810932,2.119742109675204,1.1010499630173354,0.9320488922810932,1.1010499630173354,2.041936862445035,1.9951957424766231,0.9320488922810932,1.5909385247730097,0.9320488922810932,1.14519919279466,1.5998909271494937,Metadata_TX_Commercial_TX_baseline_metadata_and_annual_results.csv,TX,com_14277.parquet
303270,0,3000.0,Hot-Dry,TX,Texas,,SmallOffice,Office,1001_5000,Electricity,Small Packaged Unit,Central Single-zone RTU_Electric Resistance_DX,DX,Electric Resistance,night_fancycle_novent,PSZ-AC with electric coil,Central Single-zone RTU,gen2_t8_halogen,2,2,1996,0.0,0.0,0.0,0.0,0.0,0.0,7786.111111111111,4025.0,6386.111111111111,0.0,0.0,15894.444444444443,20425.0,4058.3333333333335,0.0,0.0,4126.602728420012,4724.716525372045,7403.118412013974,60000.0,5695.360123031351,7009.376675424428,4802.123268581735,4515.662929519652,3905.2674783308616,4439.439003567768,5394.636124674602,4135.734113867851,3849.3097917656414,1422.2222222222222,0.0,0.0,0.0,0.0,0.0,0.0,0.0,0.0,60000.0,45.078190000000006,28.81203563813131,13.809457910951616,42.80251218920157,38.37675094157724,35.957211171793524,13.74513769262981,14.064102989103407,22.44184126186008,13.927439427548723,41.16420334603506,26.62466872205926,12.45814983320799,10.366176625488476,12.023041264495376,18.405609163066924,19.76866677168354,19.6393608474064,11.640138978373434,11.7091152939,12.812040100348137,11.025394091691863,15.220374069452706,9.760126426941335,10.42716994663616,3.577072428525992,3.476857749806038,6.617212984047679,6.265583381648975,6.8741157733190095,3.556247577422662,3.476857749806038,3.305787352963025,3.476857749806038,6.157908690860668,3.476857749806038,3.476857749806038,Metadata_TX_Commercial_TX_baseline_metadata_and_annual_results.csv,TX,com_14360.parquet
306330,0,1000.0,Hot-Humid,TX,Texas,,SmallOffice,Office,_1000,Electricity,Zone-by-Zone,Zone terminal equipment_Electric Resistance_DX,DX,Electric Resistance,default_nochange,PTAC with electric coil,Zone terminal equipment,gen2_t8_halogen,1,1,2014,0.0,0.0,0.0,0.0,0.0,0.0,3836.1111111111113,1963.8888888888887,1847.2222222222224,0.0,0.0,2333.333333333333,1380.5555555555554,2327.777777777778,0.0,0.0,711.2192171845553,1741.7941880520889,1163.1620104236758,14566.666666666666,1168.5576090377217,1566.095569885767,1668.380780195189,1541.825126982305,702.4188858627901,1170.9871435092057,976.5777591031408,971.5886121183336,1183.9481293796036,877.7777777777777,0.0,0.0,0.0,0.0,0.0,0.0,0.0,0.0,14566.666666666666,7.98624,4.783782802576108,5.3954714375813495,7.662755268302426,7.464732758026658,7.969578958362417,5.049464171464635,5.505192267376097,6.4845767160640655,4.821983553374256,7.254366917939494,5.22845372122597,4.563230086340101,2.172296840343079,4.276916027712752,3.793513084752497,4.180082845370732,5.776351996731749,4.227698188882731,3.8984390639663378,2.118734240685756,3.236846802115107,2.5803745850061373,2.460638789375762,3.200855475124716,0.890496823737446,1.4074395962207698,0.9356474392472328,0.945820467064502,0.9610045822089132,1.564554835960128,1.9565592345722465,0.9356474392472328,0.9098802210947632,0.8808145072195668,0.9098802210947632,1.01664264112222,Metadata_TX_Commercial_TX_baseline_metadata_and_annual_results.csv,TX,com_14741.parquet
299068,0,1000.0,Hot-Humid,TX,Texas,,SmallOffice,Office,_1000,Electricity,Small Packaged Unit,Central Single-zone RTU_Electric Resistance_DX,DX,Electric Resistance,night_fanon_vent,PSZ-AC with electric coil,Central Single-zone RTU,gen2_t8_halogen,1,1,1999,0.0,0.0,0.0,0.0,0.0,0.0,6963.888888888889,2955.555555555556,8419.444444444443,0.0,0.0,297.22222222222223,2538.888888888889,2161.111111111111,0.0,0.0,1714.0322989856788,2619.4951269315266,1597.534111388622,24208.33333333333,1505.1237083513645,1738.5111871491783,2577.326630065959,2404.6716622666954,1734.251846024785,2339.394228781939,1634.5519257712424,2097.450158113815,2244.922266189484,869.4444444444446,0.0,0.0,0.0,0.0,0.0,0.0,0.0,0.0,24208.333333333336,7.51742,4.251927494980178,5.708976368707874,5.931766688788943,3.9452652975461526,6.656629750750166,5.494476024113974,5.63483897843914,4.064294626346633,5.345714113559425,4.693628057848813,5.164708969716649,5.570224734807573,3.471622552804866,5.217430928008555,2.830103563100219,3.0130438805673943,2.9243106561386543,4.937320490337233,4.980392668281981,3.196066689046102,4.699077592922107,2.975808525963812,3.692506798873224,4.368447857664821,2.417696724719867,2.764458860548987,2.4003266025092613,2.4003266025092613,2.4003266025092613,2.591211080604462,2.7667983319604064,2.3079839310035,2.4757727116219543,2.4003266025092613,2.4757727116219543,2.493238238094946,Metadata_TX_Commercial_TX_baseline_metadata_and_annual_results.csv,TX,com_14872.parquet
298066,0,3000.0,Mixed-Humid,TX,Texas,,SmallOffice,Office,1001_5000,NaturalGas,Residential Style Central Systems,Residential forced air_Furnace_None,,Furnace,default_nochange,Residential forced air furnace,Residential forced air,gen2_t8_halogen,1,1,1957,0.0,0.0,0.0,0.0,0.0,0.0,0.0,4900.0,1316.6666666666667,0.0,0.0,0.0,20380.555555555555,3738.888888888889,0.0,0.0,2434.250777497833,2417.823014212116,2844.2411264960947,30338.88888888889,2588.205406930824,2970.1788321080107,2421.420215291478,2271.765307116973,2480.6293678445977,2428.7948140285816,2588.251295411076,2525.05192988512,2367.2225214404943,0.0,4786.11111111111,0.0,8161.11111111111,3374.9999999999995,0.0,0.0,0.0,0.0,38500.0,6.87764,6.592857163262851,4.658022459920167,6.804371147589498,6.804371147589498,6.804371147589498,4.658022459920167,4.658022459920167,5.970836798631225,4.658022459920167,6.804371147589498,5.0264243686635535,4.658022459920167,4.658022459920167,4.658022459920167,5.9684321196749766,6.592857163262851,6.804371147589498,4.658022459920167,4.658022459920167,4.658022459920167,4.658022459920167,4.658022459920167,4.658022459920167,4.658022459920167,3.0768421249545,3.0768421249545,3.18526274080477,3.197840104320828,3.18526274080477,3.0768421249545,3.0768421249545,3.057309204066337,3.0768421249545,3.057309204066337,3.0768421249545,3.0768421249545,Metadata_TX_Commercial_TX_baseline_metadata_and_annual_results.csv,TX,com_14883.parquet
299367,0,3000.0,Hot-Humid,TX,Texas,,SmallOffice,Office,1001_5000,Electricity,Small Packaged Unit,Central Single-zone RTU_Electric Resistance_DX,DX,Electric Resistance,night_fancycle_vent,PSZ-AC with electric coil,Central Single-zone RTU,gen2_t8_halogen,1,1,1958,0.0,0.0,0.0,0.0,0.0,0.0,17727.777777777777,4050.0,7150.0,0.0,0.0,2033.3333333333333,3958.3333333333335,3080.555555555556,0.0,0.0,2623.482303450537,4770.234800506425,2294.808711038924,39211.11111111111,2193.4154554385723,3028.5746109315864,4578.00500649136,4276.04189585446,2600.913029390621,3945.568252549373,2226.159532448756,2945.8051231881145,3727.252480296329,1208.3333333333333,0.0,0.0,0.0,0.0,0.0,0.0,0.0,0.0,39211.11111111111,40.31779,14.302212907169595,15.116107486006555,18.99684802057688,13.600150977484512,28.48959488054726,15.128806629344686,15.482344315864692,13.171327621401248,14.283584794796582,13.14960162753018,14.056744043665184,14.264801569259031,10.457132340317392,13.729074015360938,7.636889631750398,7.603532989085038,8.04471957553046,13.561602466265883,12.984046307453657,8.706161204777038,12.548872850159274,6.819837939333832,9.434606741963108,12.164016752588529,1.759164254008348,6.151703111787194,2.2832874273268704,2.3942382601355123,2.178544181555263,6.187201206744926,7.57677662581689,4.182294381737558,4.974672563984261,1.8305360742762653,1.991079884374381,4.288326853282293,Metadata_TX_Commercial_TX_baseline_metadata_and_annual_results.csv,TX,com_14989.parquet
309737,0,7500.0,Hot-Humid,TX,Texas,,Outpatient,Healthcare,5001_10000,Electricity,Zone-by-Zone,DOAS+Zone terminal equipment_ASHP_ASHP,ASHP,ASHP,default_nochange,DOAS with VRF,DOAS+Zone terminal equipment,gen4_led,1,1,2017,0.0,0.0,0.0,0.0,0.0,0.0,52372.22222222223,4869.444444444444,23122.222222222223,2475.0,0.0,8491.666666666666,60619.44444444445,9991.666666666666,5.555555555555555,0.0,12255.274139964147,17494.92192495048,12654.96413408287,169036.1111111111,11326.64631876102,13158.416668751805,17331.391715046797,16221.379344023606,12276.342018304951,15516.036247959382,12189.253594329522,13737.752845095829,14874.560849648718,7091.666666666667,0.0,10149.999999999998,10149.999999999998,0.0,0.0,0.0,0.0,0.0,179186.11111111112,49.48423,37.18656361465578,44.9093848004883,33.81873914252689,35.78021520805571,34.8003163828871,47.90244053741984,44.44155341011879,35.430540231884606,43.48285560750848,37.054486938456336,41.65402927645067,43.89616605086428,30.13644029273503,42.84683672982966,25.20912511990736,25.666516187689385,26.44271343716833,40.49821331641193,40.96192677089316,28.643332743335307,37.17513545011306,25.82992108455965,27.65699874940985,39.47410298768476,12.98819799618459,16.09642973478256,12.30745481895972,11.379361309526336,11.361605475096455,19.174460412659183,20.722047999044744,11.119592340508468,16.765337398167034,11.0972400166531,11.365023378701354,13.446060074038192,Metadata_TX_Commercial_TX_baseline_metadata_and_annual_results.csv,TX,com_14369.parquet
320842,0,3000.0,Hot-Dry,TX,Texas,strip_mall_restaurant10,RetailStripmall,Mercantile,1001_5000,Electricity,Multizone CAV/VAV,Central Multi-zone VAV RTU_Furnace_DX,DX,Furnace,night_fancycle_vent,PVAV with gas heat with electric reheat,Central Multi-zone VAV RTU,gen2_t8_halogen,1,1,1962,0.0,0.0,0.0,0.0,0.0,0.0,21405.555555555555,7952.777777777778,6136.111111111111,0.0,0.0,18663.888888888887,7997.222222222223,15536.111111111111,0.0,0.0,6049.298323520216,8053.560275542961,8754.891281313117,89758.33333333333,8017.052767620779,9429.747288840632,7933.770640315766,7867.77588782897,6485.196799241916,7177.559752832698,7024.437228427511,6499.9726041117865,6464.005471728776,12069.444444444443,5958.333333333332,0.0,5958.333333333332,0.0,0.0,0.0,0.0,0.0,95716.66666666669,47.60672,35.78950983112524,23.997688731209244,42.82409393179741,39.32264714517208,43.250920224948885,26.632287251395,27.15698458024633,28.517230491460843,26.009647349189702,38.10974109677039,31.62759037773908,20.485508069158747,16.037498375283725,21.324965125002407,26.223108169751328,25.41413932361651,28.648219770629883,20.72814284111034,21.2668434067658,18.42436863670484,17.34624972270921,20.185534763391072,14.53291506303029,15.146305951848468,10.564662676136695,12.604841784505505,11.543783886926018,14.517739354998817,12.914735370493371,13.224729995144983,15.0363101441961,11.924924159569985,11.400911426741214,11.937435882514656,11.127177614864786,11.039034051331756,Metadata_TX_Commercial_TX_baseline_metadata_and_annual_results.csv,TX,com_14574.parquet
308460,0,3000.0,Hot-Humid,TX,Texas,strip_mall_restaurant20,RetailStripmall,Mercantile,1001_5000,NaturalGas,Multizone CAV/VAV,Central Multi-zone VAV RTU_Boiler _DX,DX,Boiler ,night_fancycle_vent,PVAV with gas boiler reheat,Central Multi-zone VAV RTU,gen4_led,2,2,1963,0.0,0.0,0.0,0.0,0.0,0.0,30922.222222222223,5988.888888888889,12691.666666666666,0.0,0.0,0.0,5761.111111111111,12700.0,225.0,0.0,4657.451755601776,9243.190418371203,4186.237328383556,74958.33333333334,3917.670748631384,4262.728537653992,9748.01802424918,9439.551453468412,4780.220252726669,7773.660772090078,4165.971937229474,5546.537100302702,7238.058199234058,6675.0,38922.22222222222,0.0,49108.33333333333,10186.11111111111,0.0,0.0,0.0,0.0,124069.44444444444,28.95907,15.536983673417824,24.403426868460794,11.317966310749068,13.300831209960242,11.997769448557852,26.249778317949108,24.42793260920569,13.836885077816444,23.63937398206857,13.054092293461457,20.811706156148468,23.02628780343722,11.041702585373065,20.960713502308188,8.74765407176946,8.984389768707098,8.836282138787402,21.99768266539316,21.376184939940764,10.799482892180372,17.349071334391844,9.723644854724288,11.214000118119976,17.115607505339533,7.6905882172867805,14.519768437610203,7.550099807544436,7.326184593872182,7.40495890710843,15.377119864024031,14.37921562970948,8.409674015143986,12.279773075379447,7.4806795746794625,7.654496654801086,11.215418833413198,Metadata_TX_Commercial_TX_baseline_metadata_and_annual_results.csv,TX,com_14809.parquet
318162,0,3000.0,Hot-Humid,TX,Texas,,RetailStandalone,Mercantile,1001_5000,NaturalGas,Residential Style Central Systems,Residential forced air_Furnace_DX,DX,Furnace,default_nochange,Residential AC with residential forced air furnace,Residential forced air,gen1_t12_incandescent,1,1,1991,0.0,0.0,0.0,0.0,0.0,0.0,13711.111111111111,7147.222222222222,10986.111111111111,0.0,0.0,0.0,5738.888888888889,15744.444444444443,0.0,0.0,3800.270969735575,5949.559728199674,3562.14594598556,53325.0,3222.20732021158,3562.5184997374404,5825.870101523441,5492.138911405403,3931.2944809594974,5135.716387638401,3616.805489066085,4371.578931925779,4855.782895844158,0.0,3088.8888888888887,0.0,3088.8888888888887,0.0,0.0,0.0,0.0,0.0,56413.8888888889,18.53527,10.950690473251464,16.600744895991546,9.85307273822754,10.327839013372747,9.506880080213367,16.739516761899473,15.642563400404136,10.998879554778473,14.723480349951652,10.715678554737996,13.448191242470973,14.864013147977916,9.627319369054405,14.803718397184888,8.840976271109762,8.623960536441816,8.435600913346407,14.326706867370516,14.27024832714304,9.856442135720464,12.48853583478436,9.21334877283699,10.36994112198179,12.043590748953765,7.161575398140736,11.023024128957813,7.861551295086593,6.803611308199043,7.861551295086593,11.33349890542092,10.776148186954533,8.237479693958885,9.55201979644718,7.863969166198149,8.731638889189504,9.89388103319095,Metadata_TX_Commercial_TX_baseline_metadata_and_annual_results.csv,TX,com_14828.parquet
302637,0,3000.0,Hot-Humid,TX,Texas,strip_mall_restaurant30,RetailStripmall,Mercantile,1001_5000,NaturalGas,Multizone CAV/VAV,Central Multi-zone VAV RTU_Boiler _DX,DX,Boiler ,night_fancycle_vent,PVAV with gas boiler reheat,Central Multi-zone VAV RTU,gen1_t12_incandescent,1,1,1964,0.0,0.0,0.0,0.0,0.0,0.0,42344.444444444445,6733.333333333333,20455.555555555555,0.0,0.0,0.0,18708.33333333333,22702.777777777777,177.77777777777777,0.0,7948.543917261579,14552.24344467383,7174.586406222468,121541.66666666669,7004.600725939083,7307.864555015317,14432.502621714995,13728.692436095578,8292.951186474984,12091.390279066149,7340.861073091147,9629.194596374007,12038.538982812972,10416.666666666666,29127.777777777774,9161.111111111108,60013.88888888888,21727.777777777777,0.0,0.0,0.0,0.0,181555.5555555556,51.11725,25.32336655350633,40.56197602523514,20.291809639963404,23.31221710886497,20.656765525473364,42.43983440707425,38.859515697097,23.851278584584115,36.05719984105284,23.88086117234884,32.61819904330862,36.644149995203065,19.397523906635826,35.361314679660545,16.84594940895963,17.479211670333406,16.73898895711524,34.37044944520518,34.094649661693595,19.81325614287091,29.05474684928022,17.871160588512733,22.81205144665202,30.73059358981502,15.647652724710415,27.93356774322487,14.324446789900655,14.283522407391946,14.378256226590835,27.792476665140004,26.94110078110883,15.94228913609587,22.552043123529884,13.320438899992515,15.855829858074529,21.37492679192663,Metadata_TX_Commercial_TX_baseline_metadata_and_annual_results.csv,TX,com_14919.parquet
