folder,building_id,baseline_demand,uncontrolled_demand,demand_management_demand,uncontrolled_scenario_name,demand_management_scenario_name,uncontrolled_diff,demand_management_diff,uncontrolled_scenario_id,demand_management_scenario_id
parquet_commercial_202512_comm_VT,325517,1030516.2117491298,1030516.2117491298,1030516.2117491298,"Variable Speed HP RTU, Electric Backup","Variable Speed HP RTU, Original Heating Fuel Backup",0.0,0.0,1,2
parquet_commercial_202512_comm_VT,325519,52310.23295128899,110072.15482450975,52310.23295128899,"Variable Speed HP RTU, Electric Backup","HP Boiler, Gas Backup",57761.92187322076,0.0,1,9
parquet_commercial_202512_comm_VT,325521,3179229.4867779333,3179229.4867779333,3179229.4867779333,"Variable Speed HP RTU, Electric Backup","Variable Speed HP RTU, Original Heating Fuel Backup",0.0,0.0,1,2
parquet_commercial_202512_comm_VT,325522,1893260.8028188332,1893260.8028188332,1893260.8028188332,"Variable Speed HP RTU, Electric Backup","Variable Speed HP RTU, Original Heating Fuel Backup",0.0,0.0,1,2
parquet_commercial_202512_comm_VT,325523,748201.4907088096,748201.4907088096,748201.4907088096,"Variable Speed HP RTU, Electric Backup","Variable Speed HP RTU, Original Heating Fuel Backup",0.0,0.0,1,2
parquet_commercial_202512_comm_VT,325524,120819.9504121349,179560.19667942455,120819.9504121349,"Variable Speed HP RTU, Electric Backup","HP Boiler, Gas Backup",58740.24626728965,0.0,1,9
parquet_commercial_202512_comm_VT,325525,759409.9846259803,864525.0766708569,759409.9846259803,"Variable Speed HP RTU, Electric Backup","HP Boiler, Gas Backup",105115.09204487666,0.0,1,9
parquet_commercial_202512_comm_VT,325532,1564557.092897874,1979710.8034703047,1564557.092897874,"Variable Speed HP RTU, Electric Backup","HP Boiler, Gas Backup",415153.71057243063,0.0,1,9
parquet_commercial_202512_comm_VT,325534,1183680.1071659913,1183680.1071659913,1183680.1071659913,"Variable Speed HP RTU, Electric Backup","Variable Speed HP RTU, Original Heating Fuel Backup",0.0,0.0,1,2
parquet_commercial_202512_comm_VT,325535,1418272.335764246,1418272.335764246,1418272.335764246,"Variable Speed HP RTU, Electric Backup","Variable Speed HP RTU, Original Heating Fuel Backup",0.0,0.0,1,2
parquet_commercial_202512_comm_VT,325537,335360.91968155885,335360.91968155885,335360.91968155885,"Variable Speed HP RTU, Electric Backup","Variable Speed HP RTU, Original Heating Fuel Backup",0.0,0.0,1,2
parquet_commercial_202512_comm_VT,325538,312916.5038402809,451472.36807746306,312916.5038402809,"Variable Speed HP RTU, Electric Backup","HP Boiler, Gas Backup",138555.8642371822,0.0,1,9
parquet_commercial_202512_comm_VT,325539,2467310.4488169183,2467310.4488169183,2467310.4488169183,"Variable Speed HP RTU, Electric Backup","Variable Speed HP RTU, Original Heating Fuel Backup",0.0,0.0,1,2
parquet_commercial_202512_comm_VT,325540,2403872.8429481387,2403872.8429481387,2403872.8429481387,"Variable Speed HP RTU, Electric Backup","Variable Speed HP RTU, Original Heating Fuel Backup",0.0,0.0,1,2
parquet_commercial_202512_comm_VT,325542,1727842.7562464636,1727842.7562464636,1727842.7562464636,"Variable Speed HP RTU, Electric Backup","Variable Speed HP RTU, Original Heating Fuel Backup",0.0,0.0,1,2
parquet_commercial_202512_comm_VT,325546,152562.16234243265,141958.1339975199,136133.04882515915,"Variable Speed HP RTU, Electric Backup","Variable Speed HP RTU, Original Heating Fuel Backup",-10604.028344912746,-16429.11351727351,1,2
parquet_commercial_202512_comm_VT,325547,1297001.7345220523,1297001.7345220523,1297001.7345220523,"Variable Speed HP RTU, Electric Backup","Variable Speed HP RTU, Original Heating Fuel Backup",0.0,0.0,1,2
parquet_commercial_202512_comm_VT,325549,474096.94041275216,657372.1965234515,474096.94041275216,"HP Boiler, Electric Backup","Variable Speed HP RTU, Original Heating Fuel Backup",183275.25611069932,0.0,8,2
parquet_commercial_202512_comm_VT,325554,1535721.3952491942,1535721.3952491942,1535721.3952491942,"Variable Speed HP RTU, Electric Backup","Variable Speed HP RTU, Original Heating Fuel Backup",0.0,0.0,1,2
parquet_commercial_202512_comm_VT,325555,1435053.2181682931,1435053.2181682931,1435053.2181682931,"Variable Speed HP RTU, Electric Backup","Variable Speed HP RTU, Original Heating Fuel Backup",0.0,0.0,1,2
parquet_commercial_202512_comm_VT,325557,61780.535504186984,80339.73807308455,61780.535504186984,"Variable Speed HP RTU, Electric Backup","HP Boiler, Gas Backup",18559.202568897563,0.0,1,9
parquet_commercial_202512_comm_VT,325558,951994.4388505501,1119375.5360719778,951994.4388505501,"Variable Speed HP RTU, Electric Backup","HP Boiler, Gas Backup",167381.0972214277,0.0,1,9
parquet_commercial_202512_comm_VT,325559,183560.09767741864,190176.78705043497,175777.59435551707,"Variable Speed HP RTU, Electric Backup","Variable Speed HP RTU, Original Heating Fuel Backup",6616.689373016328,-7782.503321901575,1,2
parquet_commercial_202512_comm_VT,325562,1762971.5519322816,1908587.1261654298,1701494.148391097,"Variable Speed HP RTU, Electric Backup","Variable Speed HP RTU, Original Heating Fuel Backup",145615.57423314825,-61477.403541184496,1,2
parquet_commercial_202512_comm_VT,325563,979099.0463964548,1076299.3910393901,979099.0463964548,"Variable Speed HP RTU, Electric Backup","HP Boiler, Gas Backup",97200.34464293532,0.0,1,9
parquet_commercial_202512_comm_VT,325565,1293762.7716688027,1293762.7716688027,1293762.7716688027,"Variable Speed HP RTU, Electric Backup","Variable Speed HP RTU, Original Heating Fuel Backup",0.0,0.0,1,2
parquet_commercial_202512_comm_VT,325566,1446369.9110590299,1626982.3289271777,1446369.9110590299,"Variable Speed HP RTU, Electric Backup","HP Boiler, Gas Backup",180612.41786814784,0.0,1,9
parquet_commercial_202512_comm_VT,325567,108907.89281064432,153661.06617914542,108907.89281064432,"Variable Speed HP RTU, Electric Backup","HP Boiler, Gas Backup",44753.1733685011,0.0,1,9
parquet_commercial_202512_comm_VT,325570,96533.76507003132,96533.76507003132,96533.76507003132,"Variable Speed HP RTU, Electric Backup","Variable Speed HP RTU, Original Heating Fuel Backup",0.0,0.0,1,2
parquet_commercial_202512_comm_VT,325571,308162.3300118743,308162.3300118743,308162.3300118743,"Variable Speed HP RTU, Electric Backup","Variable Speed HP RTU, Original Heating Fuel Backup",0.0,0.0,1,2
parquet_commercial_202512_comm_VT,325573,110054.91990175312,188148.78446107788,110054.91990175312,"Variable Speed HP RTU, Electric Backup","HP Boiler, Gas Backup",78093.86455932476,0.0,1,9
parquet_commercial_202512_comm_VT,325576,603305.8045119379,767374.8518116417,603305.8045119379,"Variable Speed HP RTU, Electric Backup","HP Boiler, Gas Backup",164069.04729970382,0.0,1,9
parquet_commercial_202512_comm_VT,325577,7610128.202303396,7610128.202303396,7610128.202303396,"Variable Speed HP RTU, Electric Backup","Variable Speed HP RTU, Original Heating Fuel Backup",0.0,0.0,1,2
parquet_commercial_202512_comm_VT,325581,1116104.7327473545,1116104.7327473545,1116104.7327473545,"Variable Speed HP RTU, Electric Backup","Variable Speed HP RTU, Original Heating Fuel Backup",0.0,0.0,1,2
parquet_commercial_202512_comm_VT,325587,1259542.2959396492,1397706.05504742,1259542.2959396492,"Variable Speed HP RTU, Electric Backup","HP Boiler, Gas Backup",138163.75910777086,0.0,1,9
parquet_commercial_202512_comm_VT,325591,2901736.4240791434,2901736.4240791434,2901736.4240791434,"Variable Speed HP RTU, Electric Backup","Variable Speed HP RTU, Original Heating Fuel Backup",0.0,0.0,1,2
parquet_commercial_202512_comm_VT,325592,388136.6230160376,282313.0282144848,282312.88039800106,"Variable Speed HP RTU, Electric Backup","Variable Speed HP RTU, Original Heating Fuel Backup",-105823.59480155283,-105823.74261803657,1,2
parquet_commercial_202512_comm_VT,325594,342630.88106580183,403039.33235237043,342630.88106580183,"Variable Speed HP RTU, Electric Backup","HP Boiler, Gas Backup",60408.4512865686,0.0,1,9
parquet_commercial_202512_comm_VT,325598,1892211.5878729117,1892211.5878729117,1892211.5878729117,"Variable Speed HP RTU, Electric Backup","Variable Speed HP RTU, Original Heating Fuel Backup",0.0,0.0,1,2
parquet_commercial_202512_comm_VT,325599,1566071.2888580249,1566071.2888580249,1566071.2888580249,"Variable Speed HP RTU, Electric Backup","Variable Speed HP RTU, Original Heating Fuel Backup",0.0,0.0,1,2
parquet_commercial_202512_comm_VT,325600,941870.7585719923,1171890.2260805557,941870.7585719923,"Variable Speed HP RTU, Electric Backup","HP Boiler, Gas Backup",230019.46750856342,0.0,1,9
parquet_commercial_202512_comm_VT,325603,4088845.524609918,4088845.524609918,4088845.524609918,"Variable Speed HP RTU, Electric Backup","Variable Speed HP RTU, Original Heating Fuel Backup",0.0,0.0,1,2
parquet_commercial_202512_comm_VT,325607,212305.95744547792,212305.95744547792,212305.95744547792,"Variable Speed HP RTU, Electric Backup","Variable Speed HP RTU, Original Heating Fuel Backup",0.0,0.0,1,2
parquet_commercial_202512_comm_VT,325608,755486.1911490688,755486.1911490688,755486.1911490688,"Variable Speed HP RTU, Electric Backup","Variable Speed HP RTU, Original Heating Fuel Backup",0.0,0.0,1,2
parquet_commercial_202512_comm_VT,325611,479133.1419135128,479133.1419135128,479133.1419135128,"Variable Speed HP RTU, Electric Backup","Variable Speed HP RTU, Original Heating Fuel Backup",0.0,0.0,1,2
parquet_commercial_202512_comm_VT,325617,1779545.4987410759,1300049.5616093413,1300049.5616088277,"Variable Speed HP RTU, Electric Backup","Variable Speed HP RTU, Original Heating Fuel Backup",-479495.93713173456,-479495.9371322482,1,2
parquet_commercial_202512_comm_VT,325620,1004242.9606157696,1004242.9606157696,1004242.9606157696,"Variable Speed HP RTU, Electric Backup","Variable Speed HP RTU, Original Heating Fuel Backup",0.0,0.0,1,2
parquet_commercial_202512_comm_VT,325623,1360572.2327157431,1360572.2327157431,1360572.2327157431,"Variable Speed HP RTU, Electric Backup","Variable Speed HP RTU, Original Heating Fuel Backup",0.0,0.0,1,2
parquet_commercial_202512_comm_VT,325626,209437.60086878232,209437.60086878232,209437.60086878232,"Variable Speed HP RTU, Electric Backup","Variable Speed HP RTU, Original Heating Fuel Backup",0.0,0.0,1,2
parquet_commercial_202512_comm_VT,325630,4805755.128980819,6255377.763329059,4805755.128980819,"Variable Speed HP RTU, Electric Backup","HP Boiler, Gas Backup",1449622.6343482397,0.0,1,9
parquet_commercial_202512_comm_VT,325632,1583330.114498963,1338382.892125688,1338347.6712293902,"Variable Speed HP RTU, Electric Backup","Variable Speed HP RTU, Original Heating Fuel Backup",-244947.2223732751,-244982.44326957292,1,2
parquet_commercial_202512_comm_VT,325633,869904.8253249427,1121356.9928871556,869904.8253249427,"HP Boiler, Electric Backup","Variable Speed HP RTU, Original Heating Fuel Backup",251452.1675622129,0.0,8,2
parquet_commercial_202512_comm_VT,325635,2194474.8834253987,2194474.8834253987,2194474.8834253987,"Variable Speed HP RTU, Electric Backup","Variable Speed HP RTU, Original Heating Fuel Backup",0.0,0.0,1,2
parquet_commercial_202512_comm_VT,325637,2359477.0767469797,2737795.739481097,2359477.0767469797,"HP Boiler, Electric Backup","Variable Speed HP RTU, Original Heating Fuel Backup",378318.66273411736,0.0,8,2
parquet_commercial_202512_comm_VT,325639,305493.8671107073,305493.8671107073,305493.8671107073,"Variable Speed HP RTU, Electric Backup","Variable Speed HP RTU, Original Heating Fuel Backup",0.0,0.0,1,2
parquet_commercial_202512_comm_VT,325642,233946.4235391295,316083.5287743038,233946.4235391295,"Variable Speed HP RTU, Electric Backup","HP Boiler, Gas Backup",82137.1052351743,0.0,1,9
parquet_commercial_202512_comm_VT,325645,266225.64325823623,266225.64325823623,266225.64325823623,"Variable Speed HP RTU, Electric Backup","Variable Speed HP RTU, Original Heating Fuel Backup",0.0,0.0,1,2
parquet_commercial_202512_comm_VT,325649,136212.93935938398,147375.89451988606,131125.32770623005,"Variable Speed HP RTU, Electric Backup","Variable Speed HP RTU, Original Heating Fuel Backup",11162.955160502082,-5087.61165315393,1,2
parquet_commercial_202512_comm_VT,325653,1383893.2243820287,989793.92474751,989793.9247475106,"Variable Speed HP RTU, Electric Backup","Variable Speed HP RTU, Original Heating Fuel Backup",-394099.2996345187,-394099.2996345181,1,2
parquet_commercial_202512_comm_VT,325654,382760.57057036454,382760.57057036454,382760.57057036454,"Variable Speed HP RTU, Electric Backup","Variable Speed HP RTU, Original Heating Fuel Backup",0.0,0.0,1,2
parquet_commercial_202512_comm_VT,325657,169849.03320139478,267868.2551575722,169849.03320139478,"Variable Speed HP RTU, Electric Backup","HP Boiler, Gas Backup",98019.22195617744,0.0,1,9
parquet_commercial_202512_comm_VT,325658,235013.91042451686,235013.91042451686,235013.91042451686,"Variable Speed HP RTU, Electric Backup","Variable Speed HP RTU, Original Heating Fuel Backup",0.0,0.0,1,2
parquet_commercial_202512_comm_VT,325659,180380.6237689068,262439.64052070124,180380.6237689068,"Variable Speed HP RTU, Electric Backup","HP Boiler, Gas Backup",82059.01675179444,0.0,1,9
parquet_commercial_202512_comm_VT,325660,154061.3418184407,148264.80852594663,139127.18772388334,"Variable Speed HP RTU, Electric Backup","Variable Speed HP RTU, Original Heating Fuel Backup",-5796.533292494074,-14934.154094557365,1,2
parquet_commercial_202512_comm_VT,325662,390653.02859262825,444530.3840691481,390653.02859262825,"Variable Speed HP RTU, Electric Backup","HP Boiler, Gas Backup",53877.35547651985,0.0,1,9
parquet_commercial_202512_comm_VT,325663,416337.45816273807,660736.3069618666,416337.45816273807,"Variable Speed HP RTU, Electric Backup","HP Boiler, Gas Backup",244398.8487991285,0.0,1,9
parquet_commercial_202512_comm_VT,325665,189519.99203852794,189519.99203852794,189519.99203852794,"Variable Speed HP RTU, Electric Backup","Variable Speed HP RTU, Original Heating Fuel Backup",0.0,0.0,1,2
parquet_commercial_202512_comm_VT,325670,117818.6850525879,157859.84728656054,117818.6850525879,"Variable Speed HP RTU, Electric Backup","HP Boiler, Gas Backup",40041.162233972645,0.0,1,9
parquet_commercial_202512_comm_VT,325671,767293.4472377927,767293.4472377927,767293.4472377927,"Variable Speed HP RTU, Electric Backup","Variable Speed HP RTU, Original Heating Fuel Backup",0.0,0.0,1,2
parquet_commercial_202512_comm_VT,325672,2180807.208951573,2413867.763637522,2180807.208951573,"Variable Speed HP RTU, Electric Backup","HP Boiler, Gas Backup",233060.55468594888,0.0,1,9
parquet_commercial_202512_comm_VT,325676,98417.8236309506,98417.8236309506,98417.8236309506,"Variable Speed HP RTU, Electric Backup","Variable Speed HP RTU, Original Heating Fuel Backup",0.0,0.0,1,2
parquet_commercial_202512_comm_VT,325679,112495.31749913169,112495.31749913169,112495.31749913169,"Variable Speed HP RTU, Electric Backup","Variable Speed HP RTU, Original Heating Fuel Backup",0.0,0.0,1,2
parquet_commercial_202512_comm_VT,325681,993604.0739672568,1099709.553687748,993604.0739672568,"Variable Speed HP RTU, Electric Backup","HP Boiler, Gas Backup",106105.47972049122,0.0,1,9
parquet_commercial_202512_comm_VT,325683,3778690.1323151505,3778690.1323151505,3778690.1323151505,"Variable Speed HP RTU, Electric Backup","Variable Speed HP RTU, Original Heating Fuel Backup",0.0,0.0,1,2
parquet_commercial_202512_comm_VT,325684,361810.064320169,361810.064320169,361810.064320169,"Variable Speed HP RTU, Electric Backup","Variable Speed HP RTU, Original Heating Fuel Backup",0.0,0.0,1,2
parquet_commercial_202512_comm_VT,325685,900821.0156409553,900821.0156409553,900821.0156409553,"Variable Speed HP RTU, Electric Backup","Variable Speed HP RTU, Original Heating Fuel Backup",0.0,0.0,1,2
parquet_commercial_202512_comm_VT,325688,772556.8046533694,944429.3491251614,772556.8046533694,"Variable Speed HP RTU, Electric Backup","HP Boiler, Gas Backup",171872.54447179206,0.0,1,9
parquet_commercial_202512_comm_VT,325691,1673051.1666511141,1673051.1666511141,1673051.1666511141,"Variable Speed HP RTU, Electric Backup","Variable Speed HP RTU, Original Heating Fuel Backup",0.0,0.0,1,2
parquet_commercial_202512_comm_VT,325692,495125.0931387115,495125.0931387115,495125.0931387115,"Variable Speed HP RTU, Electric Backup","Variable Speed HP RTU, Original Heating Fuel Backup",0.0,0.0,1,2
parquet_commercial_202512_comm_VT,325694,1570251.5135119671,2107210.338250118,1570251.5135119671,"Variable Speed HP RTU, Electric Backup","HP Boiler, Gas Backup",536958.8247381507,0.0,1,9
parquet_commercial_202512_comm_VT,325695,910919.9076957944,1013279.680343363,910919.9076957944,"HP Boiler, Electric Backup","Variable Speed HP RTU, Original Heating Fuel Backup",102359.7726475686,0.0,8,2
parquet_commercial_202512_comm_VT,325697,669828.9448309425,765517.5783499613,669828.9448309425,"Variable Speed HP RTU, Electric Backup","HP Boiler, Gas Backup",95688.63351901877,0.0,1,9
parquet_commercial_202512_comm_VT,325703,88366.2412089225,88366.2412089225,88366.2412089225,"Variable Speed HP RTU, Electric Backup","Variable Speed HP RTU, Original Heating Fuel Backup",0.0,0.0,1,2
parquet_commercial_202512_comm_VT,325704,11480540.529044764,13886896.896650787,11480540.529044764,"Variable Speed HP RTU, Electric Backup","HP Boiler, Gas Backup",2406356.3676060233,0.0,1,9
parquet_commercial_202512_comm_VT,325711,379221.17251892,617844.3725691985,379221.17251892,"HP Boiler, Electric Backup","Variable Speed HP RTU, Original Heating Fuel Backup",238623.2000502785,0.0,8,2
parquet_commercial_202512_comm_VT,325713,1711339.9799029073,1711339.9799029073,1711339.9799029073,"Variable Speed HP RTU, Electric Backup","Variable Speed HP RTU, Original Heating Fuel Backup",0.0,0.0,1,2
parquet_commercial_202512_comm_VT,325714,866380.6312327455,866380.6312327455,866380.6312327455,"Variable Speed HP RTU, Electric Backup","Variable Speed HP RTU, Original Heating Fuel Backup",0.0,0.0,1,2
parquet_commercial_202512_comm_VT,325715,793698.0440255696,793698.0440255696,793698.0440255696,"Variable Speed HP RTU, Electric Backup","Variable Speed HP RTU, Original Heating Fuel Backup",0.0,0.0,1,2
parquet_commercial_202512_comm_VT,325716,148936.37570636065,148936.37570636065,148936.37570636065,"Variable Speed HP RTU, Electric Backup","Variable Speed HP RTU, Original Heating Fuel Backup",0.0,0.0,1,2
parquet_commercial_202512_comm_VT,325717,1468807.1342587518,1468807.1342587518,1468807.1342587518,"Variable Speed HP RTU, Electric Backup","Variable Speed HP RTU, Original Heating Fuel Backup",0.0,0.0,1,2
parquet_commercial_202512_comm_VT,325720,564429.3821356121,564429.3821356121,564429.3821356121,"Variable Speed HP RTU, Electric Backup","Variable Speed HP RTU, Original Heating Fuel Backup",0.0,0.0,1,2
parquet_commercial_202512_comm_VT,325721,372266.7795251544,491884.4167088549,372266.7795251544,"Variable Speed HP RTU, Electric Backup","HP Boiler, Gas Backup",119617.63718370051,0.0,1,9
parquet_commercial_202512_comm_VT,325725,576883.7029692607,652950.9401376679,576883.7029692607,"Variable Speed HP RTU, Electric Backup","HP Boiler, Gas Backup",76067.23716840718,0.0,1,9
parquet_commercial_202512_comm_VT,325726,76294.13938387725,76294.13938387725,76294.13938387725,"Variable Speed HP RTU, Electric Backup","Variable Speed HP RTU, Original Heating Fuel Backup",0.0,0.0,1,2
parquet_commercial_202512_comm_VT,325727,1557629.985463608,1557629.985463608,1557629.985463608,"Variable Speed HP RTU, Electric Backup","Variable Speed HP RTU, Original Heating Fuel Backup",0.0,0.0,1,2
parquet_commercial_202512_comm_VT,325728,444619.88218972913,444619.88218972913,444619.88218972913,"Variable Speed HP RTU, Electric Backup","Variable Speed HP RTU, Original Heating Fuel Backup",0.0,0.0,1,2
parquet_commercial_202512_comm_VT,325730,849577.0852778967,930232.2237156447,849577.0852778967,"Variable Speed HP RTU, Electric Backup","HP Boiler, Gas Backup",80655.13843774796,0.0,1,9
parquet_commercial_202512_comm_VT,325732,1981606.7270327595,1803584.2546380898,1803584.2546380896,"Variable Speed HP RTU, Electric Backup","Variable Speed HP RTU, Original Heating Fuel Backup",-178022.47239466966,-178022.4723946699,1,2
parquet_commercial_202512_comm_VT,325734,3123699.1671974156,3123699.1671974156,3123699.1671974156,"Variable Speed HP RTU, Electric Backup","HP Boiler, Gas Backup",0.0,0.0,1,9
parquet_commercial_202512_comm_VT,325737,2870771.5811034343,3377431.533415418,2870771.5811034343,"Variable Speed HP RTU, Electric Backup","HP Boiler, Gas Backup",506659.9523119838,0.0,1,9
parquet_commercial_202512_comm_VT,325739,791718.1763299948,791718.1763299948,791718.1763299948,"Variable Speed HP RTU, Electric Backup","Variable Speed HP RTU, Original Heating Fuel Backup",0.0,0.0,1,2
parquet_commercial_202512_comm_VT,325742,95299.6477071266,95299.6477071266,95299.6477071266,"Variable Speed HP RTU, Electric Backup","Variable Speed HP RTU, Original Heating Fuel Backup",0.0,0.0,1,2
parquet_commercial_202512_comm_VT,325748,338284.5228707197,379574.71284790285,338284.5228707197,"Variable Speed HP RTU, Electric Backup","HP Boiler, Gas Backup",41290.18997718312,0.0,1,9
parquet_commercial_202512_comm_VT,325750,735785.968221656,735785.968221656,735785.968221656,"Variable Speed HP RTU, Electric Backup","Variable Speed HP RTU, Original Heating Fuel Backup",0.0,0.0,1,2
parquet_commercial_202512_comm_VT,325752,564974.0715172028,723041.9641255608,564974.0715172028,"Variable Speed HP RTU, Electric Backup","HP Boiler, Gas Backup",158067.89260835806,0.0,1,9
parquet_commercial_202512_comm_VT,325759,771361.2492659716,771361.2492659716,771361.2492659716,"Variable Speed HP RTU, Electric Backup","Variable Speed HP RTU, Original Heating Fuel Backup",0.0,0.0,1,2
parquet_commercial_202512_comm_VT,325762,7913178.334269162,7913178.334269162,7913178.334269162,"Variable Speed HP RTU, Electric Backup","Variable Speed HP RTU, Original Heating Fuel Backup",0.0,0.0,1,2
parquet_commercial_202512_comm_VT,325767,582493.0773999479,1099373.9090128848,582493.0773999479,"HP Boiler, Electric Backup","Variable Speed HP RTU, Original Heating Fuel Backup",516880.8316129369,0.0,8,2
parquet_commercial_202512_comm_VT,325769,774309.0772281634,786941.3452311367,720546.8590840703,"Variable Speed HP RTU, Electric Backup","Variable Speed HP RTU, Original Heating Fuel Backup",12632.268002973287,-53762.21814409306,1,2
parquet_commercial_202512_comm_VT,325777,1311654.0317221018,1877023.1955375848,1311654.0317221018,"Variable Speed HP RTU, Electric Backup","HP Boiler, Gas Backup",565369.163815483,0.0,1,9
parquet_commercial_202512_comm_VT,325778,167849.39714674006,167849.39714674006,167849.39714674006,"Variable Speed HP RTU, Electric Backup","Variable Speed HP RTU, Original Heating Fuel Backup",0.0,0.0,1,2
parquet_commercial_202512_comm_VT,325781,6855646.244185915,6998417.408436755,6855646.244185915,"HP Boiler, Electric Backup","Variable Speed HP RTU, Original Heating Fuel Backup",142771.1642508395,0.0,8,2
parquet_commercial_202512_comm_VT,325785,900376.3231296622,1061687.2128555293,900376.3231296622,"Variable Speed HP RTU, Electric Backup","HP Boiler, Gas Backup",161310.88972586708,0.0,1,9
parquet_commercial_202512_comm_VT,325787,4532177.151744709,4815464.200449365,4532177.151744709,"HP Boiler, Electric Backup","Variable Speed HP RTU, Original Heating Fuel Backup",283287.04870465584,0.0,8,2
parquet_commercial_202512_comm_VT,325788,512512.30168537976,512512.30168537976,512512.30168537976,"Variable Speed HP RTU, Electric Backup","Variable Speed HP RTU, Original Heating Fuel Backup",0.0,0.0,1,2
parquet_commercial_202512_comm_VT,325790,489942.62142773735,489942.62142773735,489942.62142773735,"Variable Speed HP RTU, Electric Backup","Variable Speed HP RTU, Original Heating Fuel Backup",0.0,0.0,1,2
parquet_commercial_202512_comm_VT,325794,1602651.378609595,1602651.378609595,1602651.378609595,"Variable Speed HP RTU, Electric Backup","Variable Speed HP RTU, Original Heating Fuel Backup",0.0,0.0,1,2
parquet_commercial_202512_comm_VT,325796,191906.7646668734,191906.7646668734,191906.7646668734,"Variable Speed HP RTU, Electric Backup","Variable Speed HP RTU, Original Heating Fuel Backup",0.0,0.0,1,2
parquet_commercial_202512_comm_VT,325799,1309538.9522942156,1510658.2654137868,1309538.9522942156,"Variable Speed HP RTU, Electric Backup","HP Boiler, Gas Backup",201119.3131195712,0.0,1,9
parquet_commercial_202512_comm_VT,325801,975689.9651612883,975689.9651612883,975689.9651612883,"Variable Speed HP RTU, Electric Backup","Variable Speed HP RTU, Original Heating Fuel Backup",0.0,0.0,1,2
parquet_commercial_202512_comm_VT,325803,292554.0289255632,341192.4194248158,292554.0289255632,"Variable Speed HP RTU, Electric Backup","HP Boiler, Gas Backup",48638.39049925259,0.0,1,9
parquet_commercial_202512_comm_VT,325811,116653.19156347652,116653.19156347652,116653.19156347652,"Variable Speed HP RTU, Electric Backup","Variable Speed HP RTU, Original Heating Fuel Backup",0.0,0.0,1,2
parquet_commercial_202512_comm_VT,325817,175866.27671029238,267424.2206285535,175866.27671029238,"HP Boiler, Electric Backup","Variable Speed HP RTU, Original Heating Fuel Backup",91557.9439182611,0.0,8,2
parquet_commercial_202512_comm_VT,325819,1206683.3134170026,1206683.3134170026,1206683.3134170026,"Variable Speed HP RTU, Electric Backup","Variable Speed HP RTU, Original Heating Fuel Backup",0.0,0.0,1,2
parquet_commercial_202512_comm_VT,325823,2247486.046082315,2247486.046082315,2247486.046082315,"Variable Speed HP RTU, Electric Backup","Variable Speed HP RTU, Original Heating Fuel Backup",0.0,0.0,1,2
parquet_commercial_202512_comm_VT,325824,178116.29225953165,231161.20332709135,178116.29225953165,"Variable Speed HP RTU, Electric Backup","HP Boiler, Gas Backup",53044.911067559704,0.0,1,9
parquet_commercial_202512_comm_VT,325828,1001499.4740574267,1001499.4740574267,1001499.4740574267,"Variable Speed HP RTU, Electric Backup","Variable Speed HP RTU, Original Heating Fuel Backup",0.0,0.0,1,2
parquet_commercial_202512_comm_VT,325829,261518.5966228063,312485.13127610454,261518.5966228063,"Variable Speed HP RTU, Electric Backup","HP Boiler, Gas Backup",50966.53465329824,0.0,1,9
parquet_commercial_202512_comm_VT,325831,124060.59530713176,124060.59530713176,124060.59530713176,"Variable Speed HP RTU, Electric Backup","Variable Speed HP RTU, Original Heating Fuel Backup",0.0,0.0,1,2
parquet_commercial_202512_comm_VT,325834,105303.93505150948,245065.34623969553,105303.93505150948,"HP Boiler, Electric Backup","Variable Speed HP RTU, Original Heating Fuel Backup",139761.41118818603,0.0,8,2
parquet_commercial_202512_comm_VT,325842,110532.9881851405,110532.9881851405,110532.9881851405,"Variable Speed HP RTU, Electric Backup","Variable Speed HP RTU, Original Heating Fuel Backup",0.0,0.0,1,2
parquet_commercial_202512_comm_VT,325846,415104.64488302683,765960.1810540904,415104.64488302683,"HP Boiler, Electric Backup","Variable Speed HP RTU, Original Heating Fuel Backup",350855.53617106355,0.0,8,2
parquet_commercial_202512_comm_VT,325849,1401308.9198456928,1401308.9198456928,1401308.9198456928,"Variable Speed HP RTU, Electric Backup","Variable Speed HP RTU, Original Heating Fuel Backup",0.0,0.0,1,2
parquet_commercial_202512_comm_VT,325851,277034.14304399985,422244.2240147366,277034.14304399985,"HP Boiler, Electric Backup","Variable Speed HP RTU, Original Heating Fuel Backup",145210.08097073674,0.0,8,2
parquet_commercial_202512_comm_VT,325859,593507.4211727432,701542.2714158036,593507.4211727432,"Variable Speed HP RTU, Electric Backup","HP Boiler, Gas Backup",108034.85024306038,0.0,1,9
parquet_commercial_202512_comm_VT,325862,467445.23497988394,467445.23497988394,467445.23497988394,"Variable Speed HP RTU, Electric Backup","Variable Speed HP RTU, Original Heating Fuel Backup",0.0,0.0,1,2
parquet_commercial_202512_comm_VT,325863,1890290.506536746,1890290.506536746,1890290.506536746,"Variable Speed HP RTU, Electric Backup","Variable Speed HP RTU, Original Heating Fuel Backup",0.0,0.0,1,2
parquet_commercial_202512_comm_VT,325865,4785591.047771098,4785591.047771098,4785591.047771098,"Variable Speed HP RTU, Electric Backup","Variable Speed HP RTU, Original Heating Fuel Backup",0.0,0.0,1,2
parquet_commercial_202512_comm_VT,325866,927518.2610311087,1593732.4025788815,927518.2610311087,"HP Boiler, Electric Backup","Variable Speed HP RTU, Original Heating Fuel Backup",666214.1415477728,0.0,8,2
parquet_commercial_202512_comm_VT,325867,1129859.4752815408,1576963.0440948573,1129859.4752815408,"Variable Speed HP RTU, Electric Backup","HP Boiler, Gas Backup",447103.5688133165,0.0,1,9
parquet_commercial_202512_comm_VT,325869,3545859.89694876,3919359.5523562757,3545859.89694876,"Variable Speed HP RTU, Electric Backup","HP Boiler, Gas Backup",373499.6554075158,0.0,1,9
parquet_commercial_202512_comm_VT,325871,687866.7978701338,687866.7978701338,687866.7978701338,"Variable Speed HP RTU, Electric Backup","Variable Speed HP RTU, Original Heating Fuel Backup",0.0,0.0,1,2
parquet_commercial_202512_comm_VT,325873,211045.81865447646,211045.81865447646,211045.81865447646,"Variable Speed HP RTU, Electric Backup","Variable Speed HP RTU, Original Heating Fuel Backup",0.0,0.0,1,2
parquet_commercial_202512_comm_VT,325878,639338.0696122027,639338.0696122027,639338.0696122027,"Variable Speed HP RTU, Electric Backup","Variable Speed HP RTU, Original Heating Fuel Backup",0.0,0.0,1,2
parquet_commercial_202512_comm_VT,325880,6740739.926320201,6740739.926320201,6740739.926320201,"Variable Speed HP RTU, Electric Backup","Variable Speed HP RTU, Original Heating Fuel Backup",0.0,0.0,1,2
parquet_commercial_202512_comm_VT,325885,54332.77103500424,76501.27279726698,54332.77103500424,"Variable Speed HP RTU, Electric Backup","HP Boiler, Gas Backup",22168.501762262742,0.0,1,9
parquet_commercial_202512_comm_VT,325888,3659775.799246003,3529435.4552340303,3360263.3972920356,"Variable Speed HP RTU, Electric Backup","Variable Speed HP RTU, Original Heating Fuel Backup",-130340.34401197266,-299512.4019539673,1,2
parquet_commercial_202512_comm_VT,325891,319912.75048681005,319912.75048681005,319912.75048681005,"Variable Speed HP RTU, Electric Backup","Variable Speed HP RTU, Original Heating Fuel Backup",0.0,0.0,1,2
parquet_commercial_202512_comm_VT,325892,5882631.510754438,5882631.510754438,5882631.510754438,"Variable Speed HP RTU, Electric Backup","Variable Speed HP RTU, Original Heating Fuel Backup",0.0,0.0,1,2
parquet_commercial_202512_comm_VT,325895,84568.29601304625,133732.38157665086,84568.29601304625,"Variable Speed HP RTU, Electric Backup","HP Boiler, Gas Backup",49164.08556360462,0.0,1,9
parquet_commercial_202512_comm_VT,325905,777062.4204674539,777062.4204674539,777062.4204674539,"Variable Speed HP RTU, Electric Backup","Variable Speed HP RTU, Original Heating Fuel Backup",0.0,0.0,1,2
parquet_commercial_202512_comm_VT,325907,932175.0557898463,932175.0557898463,932175.0557898463,"Variable Speed HP RTU, Electric Backup","Variable Speed HP RTU, Original Heating Fuel Backup",0.0,0.0,1,2
parquet_commercial_202512_comm_VT,325909,454042.83026564104,454042.83026564104,454042.83026564104,"Variable Speed HP RTU, Electric Backup","Variable Speed HP RTU, Original Heating Fuel Backup",0.0,0.0,1,2
parquet_commercial_202512_comm_VT,325912,1168880.4712342499,1028408.6740020058,1028408.6740020058,"Variable Speed HP RTU, Electric Backup","Variable Speed HP RTU, Original Heating Fuel Backup",-140471.79723224405,-140471.79723224405,1,2
parquet_commercial_202512_comm_VT,325915,1775844.1789580227,1775844.1789580227,1775844.1789580227,"Variable Speed HP RTU, Electric Backup","Variable Speed HP RTU, Original Heating Fuel Backup",0.0,0.0,1,2
parquet_commercial_202512_comm_VT,325916,498984.6209319509,636673.9095044088,498984.6209319509,"Variable Speed HP RTU, Electric Backup","HP Boiler, Gas Backup",137689.2885724579,0.0,1,9
parquet_commercial_202512_comm_VT,325917,3210933.2711490155,3210933.2711490155,3210933.2711490155,"Variable Speed HP RTU, Electric Backup","Variable Speed HP RTU, Original Heating Fuel Backup",0.0,0.0,1,2
parquet_commercial_202512_comm_VT,325919,332737.38811578514,444099.04863345897,332737.38811578514,"Variable Speed HP RTU, Electric Backup","HP Boiler, Gas Backup",111361.66051767382,0.0,1,9
parquet_commercial_202512_comm_VT,325923,658089.9539094167,749624.9381531114,658089.9539094167,"Variable Speed HP RTU, Electric Backup","HP Boiler, Gas Backup",91534.9842436947,0.0,1,9
parquet_commercial_202512_comm_VT,325925,894748.9779233946,894748.9779233946,894748.9779233946,"Variable Speed HP RTU, Electric Backup","Variable Speed HP RTU, Original Heating Fuel Backup",0.0,0.0,1,2
parquet_commercial_202512_comm_VT,325928,2215281.5195088433,1591982.6767114918,1591982.6767114918,"Variable Speed HP RTU, Electric Backup","Variable Speed HP RTU, Original Heating Fuel Backup",-623298.8427973515,-623298.8427973515,1,2
parquet_commercial_202512_comm_VT,325929,791366.1306404017,791366.1306404017,791366.1306404017,"Variable Speed HP RTU, Electric Backup","Variable Speed HP RTU, Original Heating Fuel Backup",0.0,0.0,1,2
parquet_commercial_202512_comm_VT,325935,227809.69611130108,227809.69611130108,227809.69611130108,"Variable Speed HP RTU, Electric Backup","Variable Speed HP RTU, Original Heating Fuel Backup",0.0,0.0,1,2
parquet_commercial_202512_comm_VT,325937,328958.09180670127,328958.09180670127,328958.09180670127,"Variable Speed HP RTU, Electric Backup","Variable Speed HP RTU, Original Heating Fuel Backup",0.0,0.0,1,2
parquet_commercial_202512_comm_VT,325938,1357935.049579336,1627558.7425560886,1357935.049579336,"Variable Speed HP RTU, Electric Backup","HP Boiler, Gas Backup",269623.6929767525,0.0,1,9
parquet_commercial_202512_comm_VT,325939,394440.2803207238,394440.2803207238,394440.2803207238,"Variable Speed HP RTU, Electric Backup","Variable Speed HP RTU, Original Heating Fuel Backup",0.0,0.0,1,2
parquet_commercial_202512_comm_VT,325943,2433435.861349169,2433435.861349169,2433435.861349169,"Variable Speed HP RTU, Electric Backup","Variable Speed HP RTU, Original Heating Fuel Backup",0.0,0.0,1,2
parquet_commercial_202512_comm_VT,325944,1700739.6576917274,1700739.6576917274,1700739.6576917274,"Variable Speed HP RTU, Electric Backup","Variable Speed HP RTU, Original Heating Fuel Backup",0.0,0.0,1,2
parquet_commercial_202512_comm_VT,325948,702824.062449439,702824.062449439,702824.062449439,"Variable Speed HP RTU, Electric Backup","Variable Speed HP RTU, Original Heating Fuel Backup",0.0,0.0,1,2
parquet_commercial_202512_comm_VT,325957,980471.0652141906,1126971.3514786307,980471.0652141906,"Variable Speed HP RTU, Electric Backup","HP Boiler, Gas Backup",146500.28626444004,0.0,1,9
parquet_commercial_202512_comm_VT,325960,128233.14163105711,168651.9994778967,128233.14163105711,"Variable Speed HP RTU, Electric Backup","HP Boiler, Gas Backup",40418.857846839586,0.0,1,9
parquet_commercial_202512_comm_VT,325961,789118.8012105555,789118.8012105555,789118.8012105555,"Variable Speed HP RTU, Electric Backup","Variable Speed HP RTU, Original Heating Fuel Backup",0.0,0.0,1,2
parquet_commercial_202512_comm_VT,325962,175022.32806768018,374437.7156932406,175022.32806768018,"HP Boiler, Electric Backup","Variable Speed HP RTU, Original Heating Fuel Backup",199415.3876255604,0.0,8,2
parquet_commercial_202512_comm_VT,325964,408423.2109166906,408423.2109166906,408423.2109166906,"Variable Speed HP RTU, Electric Backup","Variable Speed HP RTU, Original Heating Fuel Backup",0.0,0.0,1,2
parquet_commercial_202512_comm_VT,325967,923012.6026307584,923012.6026307584,923012.6026307584,"Variable Speed HP RTU, Electric Backup","Variable Speed HP RTU, Original Heating Fuel Backup",0.0,0.0,1,2
parquet_commercial_202512_comm_VT,325978,484843.5452213016,634093.2446364391,484843.5452213016,"Variable Speed HP RTU, Electric Backup","HP Boiler, Gas Backup",149249.69941513753,0.0,1,9
parquet_commercial_202512_comm_VT,325984,607040.9533026627,607040.9533026627,607040.9533026627,"Variable Speed HP RTU, Electric Backup","Variable Speed HP RTU, Original Heating Fuel Backup",0.0,0.0,1,2
parquet_commercial_202512_comm_VT,325989,453940.6751897013,706338.3213539167,453940.6751897013,"HP Boiler, Electric Backup","Variable Speed HP RTU, Original Heating Fuel Backup",252397.64616421534,0.0,8,2
parquet_commercial_202512_comm_VT,325993,273081.66785752197,321710.004981102,273081.66785752197,"Variable Speed HP RTU, Electric Backup","HP Boiler, Gas Backup",48628.337123580044,0.0,1,9
parquet_commercial_202512_comm_VT,325995,360134.51283045905,416129.3766408026,360134.51283045905,"Variable Speed HP RTU, Electric Backup","HP Boiler, Gas Backup",55994.86381034355,0.0,1,9
parquet_commercial_202512_comm_VT,325997,771708.7729963092,771708.7729963092,771708.7729963092,"Variable Speed HP RTU, Electric Backup","Variable Speed HP RTU, Original Heating Fuel Backup",0.0,0.0,1,2
parquet_commercial_202512_comm_VT,325998,2061252.829825451,2061252.829825451,2061252.829825451,"Variable Speed HP RTU, Electric Backup","Variable Speed HP RTU, Original Heating Fuel Backup",0.0,0.0,1,2
parquet_commercial_202512_comm_VT,326000,84824.94000739757,84824.94000739757,84824.94000739757,"Variable Speed HP RTU, Electric Backup","Variable Speed HP RTU, Original Heating Fuel Backup",0.0,0.0,1,2
parquet_commercial_202512_comm_VT,326001,4248580.235575434,4248580.235575434,4248580.235575434,"Variable Speed HP RTU, Electric Backup","Variable Speed HP RTU, Original Heating Fuel Backup",0.0,0.0,1,2
parquet_commercial_202512_comm_VT,326002,1032422.8442937306,1550768.1602903171,1032422.8442937306,"HP Boiler, Electric Backup","Variable Speed HP RTU, Original Heating Fuel Backup",518345.3159965866,0.0,8,2
parquet_commercial_202512_comm_VT,326005,616195.3608621148,767326.6683839348,616195.3608621148,"Variable Speed HP RTU, Electric Backup","HP Boiler, Gas Backup",151131.30752181995,0.0,1,9
parquet_commercial_202512_comm_VT,326012,228940.28075022518,297195.411284153,228940.28075022518,"Variable Speed HP RTU, Electric Backup","HP Boiler, Gas Backup",68255.13053392782,0.0,1,9
parquet_commercial_202512_comm_VT,326013,6143858.370413128,6143858.370413128,6143858.370413128,"Variable Speed HP RTU, Electric Backup","Variable Speed HP RTU, Original Heating Fuel Backup",0.0,0.0,1,2
parquet_commercial_202512_comm_VT,326014,825723.9096391477,962429.3280305977,825723.9096391477,"Variable Speed HP RTU, Electric Backup","HP Boiler, Gas Backup",136705.41839144996,0.0,1,9
parquet_commercial_202512_comm_VT,326015,861333.2262111788,997649.7976354274,861333.2262111788,"Variable Speed HP RTU, Electric Backup","HP Boiler, Gas Backup",136316.57142424863,0.0,1,9
parquet_commercial_202512_comm_VT,326016,153134.7588628727,153134.7588628727,153134.7588628727,"Variable Speed HP RTU, Electric Backup","Variable Speed HP RTU, Original Heating Fuel Backup",0.0,0.0,1,2
parquet_commercial_202512_comm_VT,326018,351434.3831723656,351434.3831723656,351434.3831723656,"Variable Speed HP RTU, Electric Backup","Variable Speed HP RTU, Original Heating Fuel Backup",0.0,0.0,1,2
parquet_commercial_202512_comm_VT,326020,1025594.2555237967,1025594.2555237967,1025594.2555237967,"Variable Speed HP RTU, Electric Backup","Variable Speed HP RTU, Original Heating Fuel Backup",0.0,0.0,1,2
parquet_commercial_202512_comm_VT,326027,689282.5586127642,689282.5586127642,689282.5586127642,"Variable Speed HP RTU, Electric Backup","Variable Speed HP RTU, Original Heating Fuel Backup",0.0,0.0,1,2
parquet_commercial_202512_comm_VT,326031,4415053.62095669,4415053.62095669,4415053.62095669,"Variable Speed HP RTU, Electric Backup","Variable Speed HP RTU, Original Heating Fuel Backup",0.0,0.0,1,2
parquet_commercial_202512_comm_VT,326033,1580096.772058635,1218350.0171959978,1218350.0171959978,"Variable Speed HP RTU, Electric Backup","Variable Speed HP RTU, Original Heating Fuel Backup",-361746.75486263726,-361746.75486263726,1,2
parquet_commercial_202512_comm_VT,326045,1155115.446280055,1155115.446280055,1155115.446280055,"Variable Speed HP RTU, Electric Backup","Variable Speed HP RTU, Original Heating Fuel Backup",0.0,0.0,1,2
parquet_commercial_202512_comm_VT,326046,541333.6117096617,541333.6117096617,541333.6117096617,"Variable Speed HP RTU, Electric Backup","Variable Speed HP RTU, Original Heating Fuel Backup",0.0,0.0,1,2
parquet_commercial_202512_comm_VT,326050,547124.5663890722,540805.839707082,526634.2295382692,"Variable Speed HP RTU, Electric Backup","Variable Speed HP RTU, Original Heating Fuel Backup",-6318.7266819902,-20490.336850802996,1,2
parquet_commercial_202512_comm_VT,326052,946730.2842426667,1609334.0004947581,946730.2842426667,"HP Boiler, Electric Backup","Variable Speed HP RTU, Original Heating Fuel Backup",662603.7162520915,0.0,8,2
parquet_commercial_202512_comm_VT,326053,124587.87221054951,124587.87221054951,124587.87221054951,"Variable Speed HP RTU, Electric Backup","Variable Speed HP RTU, Original Heating Fuel Backup",0.0,0.0,1,2
parquet_residential_short_202512_res_VT,101102,40646.952,77267.976,53648.052,ENERGY STAR heat pump with elec backup,ENERGY STAR heat pump with existing system as backup,36621.024,13001.100000000006,1,4
parquet_residential_short_202512_res_VT,10174,35131.872,30321.568000000003,35131.872,ENERGY STAR heat pump with elec backup,ENERGY STAR heat pump with existing system as backup,-4810.304,0.0,1,4
parquet_residential_short_202512_res_VT,103422,13602.787999999999,37989.236,27246.672000000002,ENERGY STAR heat pump with elec backup,ENERGY STAR heat pump with existing system as backup,24386.447999999997,13643.884000000004,1,4
parquet_residential_short_202512_res_VT,107256,81691.636,77131.97199999998,81691.636,ENERGY STAR heat pump with elec backup,ENERGY STAR heat pump with existing system as backup,-4559.664000000019,0.0,1,4
parquet_residential_short_202512_res_VT,10915,18790.523999999998,18790.523999999998,18790.523999999998,ENERGY STAR heat pump with elec backup,ENERGY STAR heat pump with existing system as backup,0.0,0.0,1,4
parquet_residential_short_202512_res_VT,11201,29655.992000000002,123248.584,57426.187999999995,ENERGY STAR heat pump with elec backup,ENERGY STAR heat pump with existing system as backup,93592.592,27770.195999999993,1,4
parquet_residential_short_202512_res_VT,114984,19344.012,70434.848,70248.89600000001,ENERGY STAR heat pump with elec backup,ENERGY STAR heat pump with existing system as backup,51090.835999999996,50904.884000000005,1,4
parquet_residential_short_202512_res_VT,115478,33247.648,92479.85599999999,56737.184,ENERGY STAR heat pump with elec backup,ENERGY STAR heat pump with existing system as backup,59232.207999999984,23489.536,1,4
parquet_residential_short_202512_res_VT,120648,33548.82,33548.82,33548.82,ENERGY STAR heat pump with elec backup,ENERGY STAR heat pump with existing system as backup,0.0,0.0,1,4
parquet_residential_short_202512_res_VT,123527,17283.316000000003,31800.908000000003,21886.172,ENERGY STAR heat pump with elec backup,ENERGY STAR heat pump with existing system as backup,14517.592,4602.855999999996,1,4
parquet_residential_short_202512_res_VT,123870,31624.920000000002,63592.968,65778.76000000001,ENERGY STAR heat pump with elec backup,ENERGY STAR heat pump with existing system as backup,31968.048,34153.84000000001,1,4
parquet_residential_short_202512_res_VT,131189,38309.46799999999,100599.99599999998,61403.12,ENERGY STAR heat pump with elec backup,ENERGY STAR heat pump with existing system as backup,62290.52799999999,23093.65200000001,1,4
parquet_residential_short_202512_res_VT,134740,37249.015999999996,51049.972,51042.740000000005,ENERGY STAR heat pump with elec backup,ENERGY STAR heat pump with existing system as backup,13800.956000000006,13793.72400000001,1,4
parquet_residential_short_202512_res_VT,13764,21415.392,21415.392,21415.392,ENERGY STAR heat pump with elec backup,ENERGY STAR heat pump with existing system as backup,0.0,0.0,1,4
parquet_residential_short_202512_res_VT,138321,21402.844,113965.07999999999,63135.05599999999,ENERGY STAR heat pump with elec backup,ENERGY STAR heat pump with existing system as backup,92562.23599999999,41732.211999999985,1,4
parquet_residential_short_202512_res_VT,14811,27000.228000000003,127057.56399999998,50662.904,ENERGY STAR heat pump with elec backup,ENERGY STAR heat pump with existing system as backup,100057.33599999998,23662.676,1,4
parquet_residential_short_202512_res_VT,149154,26175.888000000003,54536.708000000006,54536.200000000004,ENERGY STAR heat pump with elec backup,ENERGY STAR heat pump with existing system as backup,28360.820000000003,28360.312,1,4
parquet_residential_short_202512_res_VT,150972,43142.43200000001,102594.08399999999,52041.583999999995,ENERGY STAR heat pump with elec backup,ENERGY STAR heat pump with existing system as backup,59451.65199999998,8899.151999999987,1,4
parquet_residential_short_202512_res_VT,152338,32829.152,98050.156,52182.87200000001,ENERGY STAR heat pump with elec backup,ENERGY STAR heat pump with existing system as backup,65221.004,19353.72000000001,1,4
parquet_residential_short_202512_res_VT,155160,21057.356,44253.588,28696.832000000002,ENERGY STAR heat pump with elec backup,ENERGY STAR heat pump with existing system as backup,23196.232000000004,7639.476000000002,1,4
parquet_residential_short_202512_res_VT,157703,37002.204000000005,145853.148,59774.68000000001,ENERGY STAR heat pump with elec backup,ENERGY STAR heat pump with existing system as backup,108850.94399999999,22772.476000000002,1,4
parquet_residential_short_202512_res_VT,159114,33826.488,214662.784,79910.90400000001,ENERGY STAR heat pump with elec backup,ENERGY STAR heat pump with existing system as backup,180836.29600000003,46084.41600000001,1,4
parquet_residential_short_202512_res_VT,163670,29090.792,123441.21599999999,48119.80400000001,ENERGY STAR heat pump with elec backup,ENERGY STAR heat pump with existing system as backup,94350.42399999998,19029.01200000001,1,4
parquet_residential_short_202512_res_VT,163788,42978.728,42978.728,42978.728,ENERGY STAR heat pump with elec backup,ENERGY STAR heat pump with existing system as backup,0.0,0.0,1,4
parquet_residential_short_202512_res_VT,166072,43286.852,80349.0,63635.47200000001,ENERGY STAR heat pump with elec backup,ENERGY STAR heat pump with existing system as backup,37062.148,20348.62000000001,1,4
parquet_residential_short_202512_res_VT,170402,14081.492,45080.759999999995,46394.12,ENERGY STAR heat pump with elec backup,ENERGY STAR heat pump with existing system as backup,30999.267999999996,32312.628000000004,1,4
parquet_residential_short_202512_res_VT,171202,20610.616,78062.60399999999,32912.051999999996,ENERGY STAR heat pump with elec backup,ENERGY STAR heat pump with existing system as backup,57451.98799999999,12301.435999999994,1,4
parquet_residential_short_202512_res_VT,172203,20651.428,121662.06800000001,121534.45199999999,ENERGY STAR heat pump with elec backup,ENERGY STAR heat pump with existing system as backup,101010.64000000001,100883.02399999999,1,4
parquet_residential_short_202512_res_VT,174881,32031.808,110288.796,54046.712,ENERGY STAR heat pump with elec backup,ENERGY STAR heat pump with existing system as backup,78256.988,22014.904,1,4
parquet_residential_short_202512_res_VT,176345,29203.344,29203.344,29203.344,ENERGY STAR heat pump with elec backup,ENERGY STAR heat pump with existing system as backup,0.0,0.0,1,4
parquet_residential_short_202512_res_VT,176576,31253.728,109942.244,65107.700000000004,ENERGY STAR heat pump with elec backup,ENERGY STAR heat pump with existing system as backup,78688.516,33853.97200000001,1,4
parquet_residential_short_202512_res_VT,179247,32212.300000000003,99576.46,51292.592000000004,ENERGY STAR heat pump with elec backup,ENERGY STAR heat pump with existing system as backup,67364.16,19080.292,1,4
parquet_residential_short_202512_res_VT,179856,16705.444000000003,16705.444000000003,16705.444000000003,ENERGY STAR heat pump with elec backup,ENERGY STAR heat pump with existing system as backup,0.0,0.0,1,4
parquet_residential_short_202512_res_VT,182265,77869.408,132028.372,101570.26000000001,ENERGY STAR heat pump with elec backup,ENERGY STAR heat pump with existing system as backup,54158.96400000001,23700.852000000014,1,4
parquet_residential_short_202512_res_VT,183677,24519.18,42666.09599999999,42351.012,ENERGY STAR heat pump with elec backup,ENERGY STAR heat pump with existing system as backup,18146.91599999999,17831.832000000002,1,4
parquet_residential_short_202512_res_VT,188151,26301.988,26301.988,26301.988,ENERGY STAR heat pump with elec backup,ENERGY STAR heat pump with existing system as backup,0.0,0.0,1,4
parquet_residential_short_202512_res_VT,189342,27454.016,27454.016,27454.016,ENERGY STAR heat pump with elec backup,ENERGY STAR heat pump with existing system as backup,0.0,0.0,1,4
parquet_residential_short_202512_res_VT,192504,32713.755999999998,66258.61600000001,46643.696,ENERGY STAR heat pump with elec backup,ENERGY STAR heat pump with existing system as backup,33544.860000000015,13929.940000000006,1,4
parquet_residential_short_202512_res_VT,201316,80857.67600000002,185312.03199999995,127284.70400000001,ENERGY STAR heat pump with elec backup,ENERGY STAR heat pump with existing system as backup,104454.35599999993,46427.02799999999,1,4
parquet_residential_short_202512_res_VT,206820,21390.660000000003,21390.660000000003,21390.660000000003,ENERGY STAR heat pump with elec backup,ENERGY STAR heat pump with existing system as backup,0.0,0.0,1,4
parquet_residential_short_202512_res_VT,21030,98479.824,147626.036,116166.57999999999,ENERGY STAR heat pump with elec backup,ENERGY STAR heat pump with existing system as backup,49146.212,17686.755999999994,1,4
parquet_residential_short_202512_res_VT,2153,46974.032,115691.68800000002,67336.068,ENERGY STAR heat pump with elec backup,ENERGY STAR heat pump with existing system as backup,68717.65600000002,20362.036,1,4
parquet_residential_short_202512_res_VT,21910,47918.448,47918.448,47918.448,ENERGY STAR heat pump with elec backup,ENERGY STAR heat pump with existing system as backup,0.0,0.0,1,4
parquet_residential_short_202512_res_VT,220671,19982.036000000004,41072.176,19982.036000000004,ENERGY STAR heat pump with elec backup,ENERGY STAR heat pump with existing system as backup,21090.139999999996,0.0,1,4
parquet_residential_short_202512_res_VT,225892,3524.3160000000003,32932.38,14898.784,ENERGY STAR heat pump with elec backup,ENERGY STAR heat pump with existing system as backup,29408.064,11374.467999999999,1,4
parquet_residential_short_202512_res_VT,228420,43222.912000000004,124330.74799999999,124312.46,ENERGY STAR heat pump with elec backup,ENERGY STAR heat pump with existing system as backup,81107.83599999998,81089.54800000001,1,4
parquet_residential_short_202512_res_VT,230222,135333.72,66682.076,135333.72,ENERGY STAR heat pump with elec backup,ENERGY STAR heat pump with existing system as backup,-68651.644,0.0,1,4
parquet_residential_short_202512_res_VT,230565,49619.33999999999,81986.24,83260.532,ENERGY STAR heat pump with elec backup,ENERGY STAR heat pump with existing system as backup,32366.900000000016,33641.19200000002,1,4
parquet_residential_short_202512_res_VT,231223,323185.136,262777.912,323185.136,ENERGY STAR heat pump with elec backup,ENERGY STAR heat pump with existing system as backup,-60407.22399999999,0.0,1,4
parquet_residential_short_202512_res_VT,234454,29531.771999999997,135911.45200000002,49979.407999999996,ENERGY STAR heat pump with elec backup,ENERGY STAR heat pump with existing system as backup,106379.68000000002,20447.636,1,4
parquet_residential_short_202512_res_VT,234618,33448.276,133101.596,132586.484,ENERGY STAR heat pump with elec backup,ENERGY STAR heat pump with existing system as backup,99653.31999999999,99138.208,1,4
parquet_residential_short_202512_res_VT,236853,50448.24,79744.924,80368.232,ENERGY STAR heat pump with elec backup,ENERGY STAR heat pump with existing system as backup,29296.684,29919.992000000006,1,4
parquet_residential_short_202512_res_VT,238397,18520.32,86599.04400000001,36572.74,ENERGY STAR heat pump with elec backup,ENERGY STAR heat pump with existing system as backup,68078.72400000002,18052.42,1,4
parquet_residential_short_202512_res_VT,243603,19142.528,60011.968,59980.79600000001,ENERGY STAR heat pump with elec backup,ENERGY STAR heat pump with existing system as backup,40869.44,40838.26800000001,1,4
parquet_residential_short_202512_res_VT,248524,44672.443999999996,44672.443999999996,44672.443999999996,ENERGY STAR heat pump with elec backup,ENERGY STAR heat pump with existing system as backup,0.0,0.0,1,4
parquet_residential_short_202512_res_VT,255664,11639.259999999998,27897.0,20602.084000000003,ENERGY STAR heat pump with elec backup,ENERGY STAR heat pump with existing system as backup,16257.740000000002,8962.824000000004,1,4
parquet_residential_short_202512_res_VT,256946,24152.584,77506.668,37365.352,ENERGY STAR heat pump with elec backup,ENERGY STAR heat pump with existing system as backup,53354.084,13212.768,1,4
parquet_residential_short_202512_res_VT,258108,139130.064,130418.216,139130.064,ENERGY STAR heat pump with elec backup,ENERGY STAR heat pump with existing system as backup,-8711.848000000013,0.0,1,4
parquet_residential_short_202512_res_VT,259895,23664.128,32413.311999999998,27660.939999999995,ENERGY STAR heat pump with elec backup,ENERGY STAR heat pump with existing system as backup,8749.183999999997,3996.8119999999944,1,4
parquet_residential_short_202512_res_VT,261327,21614.58,91603.55199999998,94073.408,ENERGY STAR heat pump with elec backup,ENERGY STAR heat pump with existing system as backup,69988.97199999998,72458.828,1,4
parquet_residential_short_202512_res_VT,262655,30249.62,30249.62,30249.62,ENERGY STAR heat pump with elec backup,ENERGY STAR heat pump with existing system as backup,0.0,0.0,1,4
parquet_residential_short_202512_res_VT,266897,47689.683999999994,47689.683999999994,47689.683999999994,ENERGY STAR heat pump with elec backup,ENERGY STAR heat pump with existing system as backup,0.0,0.0,1,4
parquet_residential_short_202512_res_VT,273467,46762.12,87464.39600000001,67976.776,ENERGY STAR heat pump with elec backup,ENERGY STAR heat pump with existing system as backup,40702.276000000005,21214.655999999995,1,4
parquet_residential_short_202512_res_VT,274704,22388.22,131304.696,65448.004,ENERGY STAR heat pump with elec backup,ENERGY STAR heat pump with existing system as backup,108916.476,43059.784,1,4
parquet_residential_short_202512_res_VT,276347,29886.076000000005,99147.724,57131.436,ENERGY STAR heat pump with elec backup,ENERGY STAR heat pump with existing system as backup,69261.648,27245.359999999997,1,4
parquet_residential_short_202512_res_VT,277891,26945.448000000004,77786.948,42496.532,ENERGY STAR heat pump with elec backup,ENERGY STAR heat pump with existing system as backup,50841.5,15551.083999999995,1,4
parquet_residential_short_202512_res_VT,278917,30004.224000000002,140462.44,56668.24799999999,ENERGY STAR heat pump with elec backup,ENERGY STAR heat pump with existing system as backup,110458.216,26664.02399999999,1,4
parquet_residential_short_202512_res_VT,280321,15067.119999999999,102154.684,38142.24,ENERGY STAR heat pump with elec backup,ENERGY STAR heat pump with existing system as backup,87087.564,23075.12,1,4
parquet_residential_short_202512_res_VT,28163,27042.628,70717.636,70536.416,ENERGY STAR heat pump with elec backup,ENERGY STAR heat pump with existing system as backup,43675.008,43493.788,1,4
parquet_residential_short_202512_res_VT,283003,27885.140000000003,89748.444,51576.036,ENERGY STAR heat pump with elec backup,ENERGY STAR heat pump with existing system as backup,61863.304000000004,23690.895999999997,1,4
parquet_residential_short_202512_res_VT,285110,21653.836,21653.836,21653.836,ENERGY STAR heat pump with elec backup,ENERGY STAR heat pump with existing system as backup,0.0,0.0,1,4
parquet_residential_short_202512_res_VT,286190,144106.852,69833.572,144106.852,ENERGY STAR heat pump with elec backup,ENERGY STAR heat pump with existing system as backup,-74273.28000000001,0.0,1,4
parquet_residential_short_202512_res_VT,288755,54643.016,54643.016,54643.016,ENERGY STAR heat pump with elec backup,ENERGY STAR heat pump with existing system as backup,0.0,0.0,1,4
parquet_residential_short_202512_res_VT,291584,85328.26800000001,176508.256,106334.85999999999,ENERGY STAR heat pump with elec backup,ENERGY STAR heat pump with existing system as backup,91179.98799999998,21006.591999999975,1,4
parquet_residential_short_202512_res_VT,301697,18190.412,89398.21599999999,89387.11999999998,ENERGY STAR heat pump with elec backup,ENERGY STAR heat pump with existing system as backup,71207.80399999999,71196.70799999998,1,4
parquet_residential_short_202512_res_VT,30249,100650.628,100650.628,100650.628,ENERGY STAR heat pump with elec backup,ENERGY STAR heat pump with existing system as backup,0.0,0.0,1,4
parquet_residential_short_202512_res_VT,303273,29770.471999999998,29770.471999999998,29770.471999999998,ENERGY STAR heat pump with elec backup,ENERGY STAR heat pump with existing system as backup,0.0,0.0,1,4
parquet_residential_short_202512_res_VT,303680,21825.260000000002,57860.216,37333.592,ENERGY STAR heat pump with elec backup,ENERGY STAR heat pump with existing system as backup,36034.956,15508.331999999995,1,4
parquet_residential_short_202512_res_VT,304597,27485.980000000003,27485.980000000003,27485.980000000003,ENERGY STAR heat pump with elec backup,ENERGY STAR heat pump with existing system as backup,0.0,0.0,1,4
parquet_residential_short_202512_res_VT,31065,28934.796,245159.90000000002,80443.51199999999,ENERGY STAR heat pump with elec backup,ENERGY STAR heat pump with existing system as backup,216225.10400000002,51508.715999999986,1,4
parquet_residential_short_202512_res_VT,311532,14689.796,14689.796,14689.796,ENERGY STAR heat pump with elec backup,ENERGY STAR heat pump with existing system as backup,0.0,0.0,1,4
parquet_residential_short_202512_res_VT,314826,19013.684,45528.263999999996,46320.388000000006,ENERGY STAR heat pump with elec backup,ENERGY STAR heat pump with existing system as backup,26514.579999999994,27306.704000000005,1,4
parquet_residential_short_202512_res_VT,325661,35728.976,35728.976,35728.976,ENERGY STAR heat pump with elec backup,ENERGY STAR heat pump with existing system as backup,0.0,0.0,1,4
parquet_residential_short_202512_res_VT,331213,45529.200000000004,108453.77599999998,65159.74,ENERGY STAR heat pump with elec backup,ENERGY STAR heat pump with existing system as backup,62924.57599999998,19630.539999999994,1,4
parquet_residential_short_202512_res_VT,334167,22767.784,45403.428,45356.516,ENERGY STAR heat pump with elec backup,ENERGY STAR heat pump with existing system as backup,22635.644,22588.732000000004,1,4
parquet_residential_short_202512_res_VT,334289,29767.352,62742.776000000005,64315.74799999999,ENERGY STAR heat pump with elec backup,ENERGY STAR heat pump with existing system as backup,32975.424000000006,34548.39599999999,1,4
parquet_residential_short_202512_res_VT,336715,32166.816,201464.03600000002,75457.82,ENERGY STAR heat pump with elec backup,ENERGY STAR heat pump with existing system as backup,169297.22000000003,43291.00400000001,1,4
parquet_residential_short_202512_res_VT,342477,18393.852,44764.708,31063.523999999998,ENERGY STAR heat pump with elec backup,ENERGY STAR heat pump with existing system as backup,26370.856,12669.671999999999,1,4
parquet_residential_short_202512_res_VT,343556,103764.376,103764.376,103764.376,ENERGY STAR heat pump with elec backup,ENERGY STAR heat pump with existing system as backup,0.0,0.0,1,4
parquet_residential_short_202512_res_VT,345895,22024.52,71169.796,71070.436,ENERGY STAR heat pump with elec backup,ENERGY STAR heat pump with existing system as backup,49145.276,49045.916,1,4
parquet_residential_short_202512_res_VT,350472,84388.924,158910.16400000002,104151.23199999999,ENERGY STAR heat pump with elec backup,ENERGY STAR heat pump with existing system as backup,74521.24000000002,19762.30799999999,1,4
parquet_residential_short_202512_res_VT,353212,16913.167999999998,16913.167999999998,16913.167999999998,ENERGY STAR heat pump with elec backup,ENERGY STAR heat pump with existing system as backup,0.0,0.0,1,4
parquet_residential_short_202512_res_VT,363962,40969.952000000005,97162.98000000001,100021.972,ENERGY STAR heat pump with elec backup,ENERGY STAR heat pump with existing system as backup,56193.028000000006,59052.01999999999,1,4
parquet_residential_short_202512_res_VT,367305,25037.056,84002.88799999998,83897.51999999999,ENERGY STAR heat pump with elec backup,ENERGY STAR heat pump with existing system as backup,58965.83199999998,58860.46399999999,1,4
parquet_residential_short_202512_res_VT,378994,120404.16799999999,100444.86,120404.16799999999,ENERGY STAR heat pump with elec backup,ENERGY STAR heat pump with existing system as backup,-19959.30799999999,0.0,1,4
parquet_residential_short_202512_res_VT,37943,28892.604,28892.604,28892.604,ENERGY STAR heat pump with elec backup,ENERGY STAR heat pump with existing system as backup,0.0,0.0,1,4
parquet_residential_short_202512_res_VT,381679,49048.840000000004,49048.840000000004,49048.840000000004,ENERGY STAR heat pump with elec backup,ENERGY STAR heat pump with existing system as backup,0.0,0.0,1,4
parquet_residential_short_202512_res_VT,382538,30169.464,59525.776,45864.888,ENERGY STAR heat pump with elec backup,ENERGY STAR heat pump with existing system as backup,29356.311999999998,15695.423999999999,1,4
parquet_residential_short_202512_res_VT,385808,38340.568,63729.816,47612.52,ENERGY STAR heat pump with elec backup,ENERGY STAR heat pump with existing system as backup,25389.248,9271.951999999997,1,4
parquet_residential_short_202512_res_VT,387599,108497.068,66640.668,108497.068,ENERGY STAR heat pump with elec backup,ENERGY STAR heat pump with existing system as backup,-41856.399999999994,0.0,1,4
parquet_residential_short_202512_res_VT,388379,164051.84399999998,150661.136,164051.84399999998,ENERGY STAR heat pump with elec backup,ENERGY STAR heat pump with existing system as backup,-13390.707999999984,0.0,1,4
parquet_residential_short_202512_res_VT,389403,18984.484,121583.43200000002,40565.5,ENERGY STAR heat pump with elec backup,ENERGY STAR heat pump with existing system as backup,102598.94800000002,21581.016,1,4
parquet_residential_short_202512_res_VT,397833,38915.015999999996,252700.40800000005,78270.872,ENERGY STAR heat pump with elec backup,ENERGY STAR heat pump with existing system as backup,213785.39200000005,39355.85600000001,1,4
parquet_residential_short_202512_res_VT,398029,49628.896,177974.604,90102.352,ENERGY STAR heat pump with elec backup,ENERGY STAR heat pump with existing system as backup,128345.70799999998,40473.456,1,4
parquet_residential_short_202512_res_VT,404034,22569.804,135953.608,135351.404,ENERGY STAR heat pump with elec backup,ENERGY STAR heat pump with existing system as backup,113383.804,112781.6,1,4
parquet_residential_short_202512_res_VT,404803,29600.252,111699.204,47176.796,ENERGY STAR heat pump with elec backup,ENERGY STAR heat pump with existing system as backup,82098.95199999999,17576.544,1,4
parquet_residential_short_202512_res_VT,406240,34369.42,92071.76000000001,91964.356,ENERGY STAR heat pump with elec backup,ENERGY STAR heat pump with existing system as backup,57702.34000000001,57594.936,1,4
parquet_residential_short_202512_res_VT,408297,19705.052,56354.552,57324.687999999995,ENERGY STAR heat pump with elec backup,ENERGY STAR heat pump with existing system as backup,36649.5,37619.636,1,4
parquet_residential_short_202512_res_VT,40854,41919.471999999994,135439.844,67755.04000000001,ENERGY STAR heat pump with elec backup,ENERGY STAR heat pump with existing system as backup,93520.37200000002,25835.568000000014,1,4
parquet_residential_short_202512_res_VT,414192,24706.571999999996,90435.824,41087.348,ENERGY STAR heat pump with elec backup,ENERGY STAR heat pump with existing system as backup,65729.252,16380.776000000002,1,4
parquet_residential_short_202512_res_VT,417447,18425.148,18425.148,18425.148,ENERGY STAR heat pump with elec backup,ENERGY STAR heat pump with existing system as backup,0.0,0.0,1,4
parquet_residential_short_202512_res_VT,420314,28656.091999999997,48288.32400000001,28656.091999999997,ENERGY STAR heat pump with elec backup,ENERGY STAR heat pump with existing system as backup,19632.23200000001,0.0,1,4
parquet_residential_short_202512_res_VT,421082,79901.308,112598.70800000001,96237.83600000001,ENERGY STAR heat pump with elec backup,ENERGY STAR heat pump with existing system as backup,32697.40000000001,16336.528000000006,1,4
parquet_residential_short_202512_res_VT,425863,36811.67999999999,71381.46399999999,53337.939999999995,ENERGY STAR heat pump with elec backup,ENERGY STAR heat pump with existing system as backup,34569.784,16526.260000000002,1,4
parquet_residential_short_202512_res_VT,427951,48548.94800000001,111099.404,69367.12800000001,ENERGY STAR heat pump with elec backup,ENERGY STAR heat pump with existing system as backup,62550.455999999984,20818.18,1,4
parquet_residential_short_202512_res_VT,428242,66740.448,382968.04800000007,130158.136,ENERGY STAR heat pump with elec backup,ENERGY STAR heat pump with existing system as backup,316227.6000000001,63417.687999999995,1,4
parquet_residential_short_202512_res_VT,428384,16332.771999999999,16332.771999999999,16332.771999999999,ENERGY STAR heat pump with elec backup,ENERGY STAR heat pump with existing system as backup,0.0,0.0,1,4
parquet_residential_short_202512_res_VT,42872,53413.183999999994,42610.92,53413.183999999994,ENERGY STAR heat pump with elec backup,ENERGY STAR heat pump with existing system as backup,-10802.263999999996,0.0,1,4
parquet_residential_short_202512_res_VT,436698,89623.82400000001,95920.23999999999,89623.82400000001,ENERGY STAR heat pump with elec backup,ENERGY STAR heat pump with existing system as backup,6296.415999999983,0.0,1,4
parquet_residential_short_202512_res_VT,437293,18817.059999999998,60935.327999999994,62189.364,ENERGY STAR heat pump with elec backup,ENERGY STAR heat pump with existing system as backup,42118.268,43372.304000000004,1,4
parquet_residential_short_202512_res_VT,441386,34873.692,115101.68400000001,114926.828,ENERGY STAR heat pump with elec backup,ENERGY STAR heat pump with existing system as backup,80227.992,80053.136,1,4
parquet_residential_short_202512_res_VT,441654,29302.644000000008,99764.608,99668.61200000001,ENERGY STAR heat pump with elec backup,ENERGY STAR heat pump with existing system as backup,70461.96399999998,70365.968,1,4
parquet_residential_short_202512_res_VT,441655,26743.896,68859.136,68805.796,ENERGY STAR heat pump with elec backup,ENERGY STAR heat pump with existing system as backup,42115.24,42061.9,1,4
parquet_residential_short_202512_res_VT,448764,15314.643999999998,32151.196,15314.643999999998,ENERGY STAR heat pump with elec backup,ENERGY STAR heat pump with existing system as backup,16836.552000000003,0.0,1,4
parquet_residential_short_202512_res_VT,450575,56359.972,64921.935999999994,65278.21599999999,ENERGY STAR heat pump with elec backup,ENERGY STAR heat pump with existing system as backup,8561.963999999993,8918.243999999992,1,4
parquet_residential_short_202512_res_VT,450654,34918.399999999994,104648.316,47812.147999999994,ENERGY STAR heat pump with elec backup,ENERGY STAR heat pump with existing system as backup,69729.91600000001,12893.748,1,4
parquet_residential_short_202512_res_VT,450757,50888.84,50888.84,50888.84,ENERGY STAR heat pump with elec backup,ENERGY STAR heat pump with existing system as backup,0.0,0.0,1,4
parquet_residential_short_202512_res_VT,452074,26843.312,150707.36800000002,65442.00000000001,ENERGY STAR heat pump with elec backup,ENERGY STAR heat pump with existing system as backup,123864.05600000001,38598.68800000001,1,4
parquet_residential_short_202512_res_VT,452868,26298.324,100202.376,102781.772,ENERGY STAR heat pump with elec backup,ENERGY STAR heat pump with existing system as backup,73904.052,76483.448,1,4
parquet_residential_short_202512_res_VT,454712,50861.452000000005,92050.12,92692.412,ENERGY STAR heat pump with elec backup,ENERGY STAR heat pump with existing system as backup,41188.66799999999,41830.95999999999,1,4
parquet_residential_short_202512_res_VT,458791,53496.504,96250.356,62434.968,ENERGY STAR heat pump with elec backup,ENERGY STAR heat pump with existing system as backup,42753.852,8938.464,1,4
parquet_residential_short_202512_res_VT,459170,31895.5,109429.40000000001,109295.54800000001,ENERGY STAR heat pump with elec backup,ENERGY STAR heat pump with existing system as backup,77533.90000000001,77400.04800000001,1,4
parquet_residential_short_202512_res_VT,459865,67778.492,171856.16000000003,176562.03600000002,ENERGY STAR heat pump with elec backup,ENERGY STAR heat pump with existing system as backup,104077.66800000003,108783.54400000002,1,4
parquet_residential_short_202512_res_VT,461507,59242.871999999996,85139.88,59242.871999999996,ENERGY STAR heat pump with elec backup,ENERGY STAR heat pump with existing system as backup,25897.00800000001,0.0,1,4
parquet_residential_short_202512_res_VT,465827,49609.44,81323.744,63963.763999999996,ENERGY STAR heat pump with elec backup,ENERGY STAR heat pump with existing system as backup,31714.304000000004,14354.323999999993,1,4
parquet_residential_short_202512_res_VT,468348,12794.036000000002,62170.827999999994,44939.556000000004,ENERGY STAR heat pump with elec backup,ENERGY STAR heat pump with existing system as backup,49376.791999999994,32145.520000000004,1,4
parquet_residential_short_202512_res_VT,468623,37705.456000000006,37705.456000000006,37705.456000000006,ENERGY STAR heat pump with elec backup,ENERGY STAR heat pump with existing system as backup,0.0,0.0,1,4
parquet_residential_short_202512_res_VT,470793,26392.704,53833.376000000004,37541.412,ENERGY STAR heat pump with elec backup,ENERGY STAR heat pump with existing system as backup,27440.672000000002,11148.707999999995,1,4
parquet_residential_short_202512_res_VT,473558,33272.108,72570.312,54196.200000000004,ENERGY STAR heat pump with elec backup,ENERGY STAR heat pump with existing system as backup,39298.204000000005,20924.092000000004,1,4
parquet_residential_short_202512_res_VT,474440,33461.608,128489.668,49946.592000000004,ENERGY STAR heat pump with elec backup,ENERGY STAR heat pump with existing system as backup,95028.06,16484.984000000004,1,4
parquet_residential_short_202512_res_VT,4840,22454.548000000003,22454.548000000003,22454.548000000003,ENERGY STAR heat pump with elec backup,ENERGY STAR heat pump with existing system as backup,0.0,0.0,1,4
parquet_residential_short_202512_res_VT,48621,54794.3,392047.88800000004,108203.12000000001,ENERGY STAR heat pump with elec backup,ENERGY STAR heat pump with existing system as backup,337253.58800000005,53408.82000000001,1,4
parquet_residential_short_202512_res_VT,489380,17310.176,17310.176,17310.176,ENERGY STAR heat pump with elec backup,ENERGY STAR heat pump with existing system as backup,0.0,0.0,1,4
parquet_residential_short_202512_res_VT,491241,17479.456000000002,80763.31199999999,80417.884,ENERGY STAR heat pump with elec backup,ENERGY STAR heat pump with existing system as backup,63283.855999999985,62938.428,1,4
parquet_residential_short_202512_res_VT,49235,62700.45599999999,127254.91199999998,128216.30799999999,ENERGY STAR heat pump with elec backup,ENERGY STAR heat pump with existing system as backup,64554.45599999999,65515.852,1,4
parquet_residential_short_202512_res_VT,494122,38875.795999999995,38875.795999999995,38875.795999999995,ENERGY STAR heat pump with elec backup,ENERGY STAR heat pump with existing system as backup,0.0,0.0,1,4
parquet_residential_short_202512_res_VT,495873,24555.336,82774.956,88409.14799999999,ENERGY STAR heat pump with elec backup,ENERGY STAR heat pump with existing system as backup,58219.62000000001,63853.81199999999,1,4
parquet_residential_short_202512_res_VT,49640,44688.36,100311.16799999999,100254.956,ENERGY STAR heat pump with elec backup,ENERGY STAR heat pump with existing system as backup,55622.80799999999,55566.596000000005,1,4
parquet_residential_short_202512_res_VT,497509,49122.724,124066.436,59950.956,ENERGY STAR heat pump with elec backup,ENERGY STAR heat pump with existing system as backup,74943.712,10828.231999999996,1,4
parquet_residential_short_202512_res_VT,497783,28185.544,59842.252,37889.648,ENERGY STAR heat pump with elec backup,ENERGY STAR heat pump with existing system as backup,31656.708,9704.104,1,4
parquet_residential_short_202512_res_VT,498144,50527.512,125721.24,50527.512,ENERGY STAR heat pump with elec backup,ENERGY STAR heat pump with existing system as backup,75193.728,0.0,1,4
parquet_residential_short_202512_res_VT,498383,35817.428,139970.0,58172.60800000001,ENERGY STAR heat pump with elec backup,ENERGY STAR heat pump with existing system as backup,104152.572,22355.180000000008,1,4
parquet_residential_short_202512_res_VT,499497,32504.831999999995,55357.524000000005,32504.831999999995,ENERGY STAR heat pump with elec backup,ENERGY STAR heat pump with existing system as backup,22852.69200000001,0.0,1,4
parquet_residential_short_202512_res_VT,503706,21840.036,21840.036,21840.036,ENERGY STAR heat pump with elec backup,ENERGY STAR heat pump with existing system as backup,0.0,0.0,1,4
parquet_residential_short_202512_res_VT,508283,22763.408,109251.86799999999,108767.15199999999,ENERGY STAR heat pump with elec backup,ENERGY STAR heat pump with existing system as backup,86488.45999999999,86003.74399999999,1,4
parquet_residential_short_202512_res_VT,508812,46697.44,67549.424,67549.136,ENERGY STAR heat pump with elec backup,ENERGY STAR heat pump with existing system as backup,20851.983999999997,20851.695999999996,1,4
parquet_residential_short_202512_res_VT,508945,34311.064,34311.064,34311.064,ENERGY STAR heat pump with elec backup,ENERGY STAR heat pump with existing system as backup,0.0,0.0,1,4
parquet_residential_short_202512_res_VT,509692,31239.916,81246.976,56458.22,ENERGY STAR heat pump with elec backup,ENERGY STAR heat pump with existing system as backup,50007.06,25218.304,1,4
parquet_residential_short_202512_res_VT,510648,46135.916,251640.82799999998,83446.784,ENERGY STAR heat pump with elec backup,ENERGY STAR heat pump with existing system as backup,205504.91199999998,37310.868,1,4
parquet_residential_short_202512_res_VT,52196,25452.244000000002,25452.244000000002,25452.244000000002,ENERGY STAR heat pump with elec backup,ENERGY STAR heat pump with existing system as backup,0.0,0.0,1,4
parquet_residential_short_202512_res_VT,522324,27517.104,95937.956,51954.292,ENERGY STAR heat pump with elec backup,ENERGY STAR heat pump with existing system as backup,68420.85200000001,24437.188000000002,1,4
parquet_residential_short_202512_res_VT,523533,62399.17999999999,154803.38400000002,83402.224,ENERGY STAR heat pump with elec backup,ENERGY STAR heat pump with existing system as backup,92404.20400000003,21003.04400000001,1,4
parquet_residential_short_202512_res_VT,525587,24971.264000000003,136026.03199999998,56381.824,ENERGY STAR heat pump with elec backup,ENERGY STAR heat pump with existing system as backup,111054.76799999998,31410.559999999998,1,4
parquet_residential_short_202512_res_VT,529740,164222.19199999998,80950.064,164222.19199999998,ENERGY STAR heat pump with elec backup,ENERGY STAR heat pump with existing system as backup,-83272.12799999998,0.0,1,4
parquet_residential_short_202512_res_VT,536400,26984.896,26984.896,26984.896,ENERGY STAR heat pump with elec backup,ENERGY STAR heat pump with existing system as backup,0.0,0.0,1,4
parquet_residential_short_202512_res_VT,536502,37382.92,102266.092,57093.796,ENERGY STAR heat pump with elec backup,ENERGY STAR heat pump with existing system as backup,64883.172000000006,19710.876000000004,1,4
parquet_residential_short_202512_res_VT,537769,62920.664,62920.664,62920.664,ENERGY STAR heat pump with elec backup,ENERGY STAR heat pump with existing system as backup,0.0,0.0,1,4
parquet_residential_short_202512_res_VT,541895,44666.428,44666.428,44666.428,ENERGY STAR heat pump with elec backup,ENERGY STAR heat pump with existing system as backup,0.0,0.0,1,4
parquet_residential_short_202512_res_VT,544417,28729.592,161306.812,71751.3,ENERGY STAR heat pump with elec backup,ENERGY STAR heat pump with existing system as backup,132577.22,43021.708,1,4
parquet_residential_short_202512_res_VT,545235,8426.736,23590.036,14466.112000000001,ENERGY STAR heat pump with elec backup,ENERGY STAR heat pump with existing system as backup,15163.3,6039.376,1,4
parquet_residential_short_202512_res_VT,546813,34859.520000000004,34859.520000000004,34859.520000000004,ENERGY STAR heat pump with elec backup,ENERGY STAR heat pump with existing system as backup,0.0,0.0,1,4
parquet_residential_short_202512_res_VT,54880,56917.448000000004,266912.828,94611.168,ENERGY STAR heat pump with elec backup,ENERGY STAR heat pump with existing system as backup,209995.37999999998,37693.72,1,4
parquet_residential_short_202512_res_VT,60624,147799.084,85139.196,147799.084,ENERGY STAR heat pump with elec backup,ENERGY STAR heat pump with existing system as backup,-62659.888000000006,0.0,1,4
parquet_residential_short_202512_res_VT,60690,82582.93599999999,104440.31999999999,93687.32,ENERGY STAR heat pump with elec backup,ENERGY STAR heat pump with existing system as backup,21857.384000000005,11104.38400000002,1,4
parquet_residential_short_202512_res_VT,65506,33811.124,276840.232,79727.72,ENERGY STAR heat pump with elec backup,ENERGY STAR heat pump with existing system as backup,243029.108,45916.596,1,4
parquet_residential_short_202512_res_VT,65610,15894.4,76877.024,83153.44399999999,ENERGY STAR heat pump with elec backup,ENERGY STAR heat pump with existing system as backup,60982.624,67259.044,1,4
parquet_residential_short_202512_res_VT,68095,43211.56,43211.56,43211.56,ENERGY STAR heat pump with elec backup,ENERGY STAR heat pump with existing system as backup,0.0,0.0,1,4
parquet_residential_short_202512_res_VT,69193,48411.564,48411.564,48411.564,ENERGY STAR heat pump with elec backup,ENERGY STAR heat pump with existing system as backup,0.0,0.0,1,4
parquet_residential_short_202512_res_VT,69777,23363.452,23363.452,23363.452,ENERGY STAR heat pump with elec backup,ENERGY STAR heat pump with existing system as backup,0.0,0.0,1,4
parquet_residential_short_202512_res_VT,73072,118363.732,121666.888,118363.732,ENERGY STAR heat pump with elec backup,ENERGY STAR heat pump with existing system as backup,3303.1560000000027,0.0,1,4
parquet_residential_short_202512_res_VT,7329,9808.876,9808.876,9808.876,ENERGY STAR heat pump with elec backup,ENERGY STAR heat pump with existing system as backup,0.0,0.0,1,4
parquet_residential_short_202512_res_VT,7583,31408.36,160147.808,54831.152,ENERGY STAR heat pump with elec backup,ENERGY STAR heat pump with existing system as backup,128739.44799999999,23422.792,1,4
parquet_residential_short_202512_res_VT,78265,42442.708000000006,148066.904,71133.59999999999,ENERGY STAR heat pump with elec backup,ENERGY STAR heat pump with existing system as backup,105624.196,28690.891999999985,1,4
parquet_residential_short_202512_res_VT,81102,53116.328,53116.328,53116.328,ENERGY STAR heat pump with elec backup,ENERGY STAR heat pump with existing system as backup,0.0,0.0,1,4
parquet_residential_short_202512_res_VT,81495,58810.724,84107.032,86818.17199999999,ENERGY STAR heat pump with elec backup,ENERGY STAR heat pump with existing system as backup,25296.308000000005,28007.44799999999,1,4
parquet_residential_short_202512_res_VT,81676,55060.996,97570.976,68214.496,ENERGY STAR heat pump with elec backup,ENERGY STAR heat pump with existing system as backup,42509.979999999996,13153.5,1,4
parquet_residential_short_202512_res_VT,83135,20962.772,20962.772,20962.772,ENERGY STAR heat pump with elec backup,ENERGY STAR heat pump with existing system as backup,0.0,0.0,1,4
parquet_residential_short_202512_res_VT,8390,33369.528,78752.22,33369.528,ENERGY STAR heat pump with elec backup,ENERGY STAR heat pump with existing system as backup,45382.692,0.0,1,4
parquet_residential_short_202512_res_VT,85248,43543.436,43543.436,43543.436,ENERGY STAR heat pump with elec backup,ENERGY STAR heat pump with existing system as backup,0.0,0.0,1,4
parquet_residential_short_202512_res_VT,86505,34787.62,111699.384,57757.616,ENERGY STAR heat pump with elec backup,ENERGY STAR heat pump with existing system as backup,76911.764,22969.996,1,4
parquet_residential_short_202512_res_VT,9426,33880.587999999996,74843.908,45967.572,ENERGY STAR heat pump with elec backup,ENERGY STAR heat pump with existing system as backup,40963.32,12086.984000000004,1,4
