Source_File,State,Matched_Buildings,Tolerance
com_12774.parquet,VT,[326046],20.0
com_12775.parquet,VT,"[325556, 325663, 326006]",20.0
com_12779.parquet,VT,[325695],10.0
com_12783.parquet,VT,[325534],5.0
com_12785.parquet,VT,"[325542, 325863]",35.0
com_12786.parquet,VT,[325769],15.0
com_12789.parquet,VT,"[325549, 325721]",50.0
com_12790.parquet,VT,[325672],15.0
com_12792.parquet,VT,"[325817, 325842]",20.0
com_12794.parquet,VT,[325670],30.0
com_12795.parquet,VT,"[325620, 325671, 325685]",30.0
com_12797.parquet,VT,[325599],35.0
com_12801.parquet,VT,"[325689, 325847, 325890, 325937, 325995]",20.0
com_12805.parquet,VT,"[325639, 325662, 325853]",20.0
com_12806.parquet,VT,"[325681, 325866]",15.0
com_12809.parquet,VT,"[325865, 326013]",50.0
com_12812.parquet,VT,[325728],10.0
com_12813.parquet,VT,[325892],25.0
com_12814.parquet,VT,"[325530, 325690, 325888, 325892, 326001]",35.0
com_12815.parquet,VT,"[325742, 325895]",35.0
com_12816.parquet,VT,"[325869, 325888, 325943, 326031]",30.0
com_12817.parquet,VT,"[325559, 326053]",20.0
com_12819.parquet,VT,"[325558, 325957]",15.0
com_12821.parquet,VT,[325559],15.0
com_12824.parquet,VT,[325654],10.0
com_12826.parquet,VT,"[325671, 325925]",20.0
com_12831.parquet,VT,"[325823, 325863]",15.0
com_12832.parquet,VT,"[325532, 325566, 325717]",10.0
com_12841.parquet,VT,[325939],30.0
com_12842.parquet,VT,"[325539, 326031]",25.0
com_12843.parquet,VT,"[325522, 325768]",20.0
com_12845.parquet,VT,[326046],25.0
com_12846.parquet,VT,"[325523, 325739]",40.0
com_12847.parquet,VT,[325859],10.0
com_12848.parquet,VT,"[325559, 325573, 325660]",15.0
com_12852.parquet,VT,"[325559, 325842, 325960]",20.0
com_12854.parquet,VT,[325939],40.0
com_12855.parquet,VT,"[325648, 325767, 325901]",30.0
com_12857.parquet,VT,"[325659, 325935]",20.0
com_12863.parquet,VT,"[325563, 325929, 326002]",15.0
com_12866.parquet,VT,"[325879, 326052]",15.0
com_12871.parquet,VT,"[325695, 326015]",15.0
com_12878.parquet,VT,"[325521, 325539]",30.0
com_12884.parquet,VT,"[325659, 325935]",20.0
com_12885.parquet,VT,"[325555, 325613]",15.0
com_12891.parquet,VT,[325716],20.0
com_12893.parquet,VT,"[325559, 325573]",10.0
com_12894.parquet,VT,"[325817, 325935]",20.0
com_12896.parquet,VT,[325796],30.0
com_12903.parquet,VT,[326016],15.0
com_12907.parquet,VT,[325600],10.0
com_12909.parquet,VT,[325549],10.0
com_12911.parquet,VT,[325788],20.0
com_12914.parquet,VT,[325984],15.0
com_12916.parquet,VT,[325567],40.0
com_12917.parquet,VT,"[325746, 325823, 325931]",15.0
com_12920.parquet,VT,[325539],15.0
com_12921.parquet,VT,[325891],25.0
com_12923.parquet,VT,[325559],15.0
com_12926.parquet,VT,[325617],20.0
com_12928.parquet,VT,[],
com_12935.parquet,VT,"[325715, 325740, 325901]",20.0
com_12939.parquet,VT,"[325819, 325867]",15.0
com_12941.parquet,VT,"[325703, 326000]",45.0
com_12942.parquet,VT,"[325542, 325775, 325840]",25.0
com_12953.parquet,VT,[325665],30.0
com_12955.parquet,VT,[325989],20.0
com_12961.parquet,VT,[325788],20.0
com_12965.parquet,VT,"[325539, 325787, 326031]",25.0
com_12966.parquet,VT,[325867],10.0
com_12967.parquet,VT,[325869],15.0
com_12970.parquet,VT,"[325744, 325819]",15.0
com_12972.parquet,VT,"[325559, 325960]",15.0
com_12975.parquet,VT,"[325659, 326003, 326012]",20.0
com_12976.parquet,VT,"[325690, 325888, 325982, 326001]",20.0
com_12977.parquet,VT,[325558],10.0
com_12982.parquet,VT,[325600],15.0
com_12983.parquet,VT,"[325785, 325967, 326014]",10.0
com_12986.parquet,VT,[326045],30.0
com_12992.parquet,VT,"[325538, 325639, 325689, 325890]",20.0
com_12995.parquet,VT,[],
com_12998.parquet,VT,[325796],40.0
com_13000.parquet,VT,"[325587, 325623, 325849]",40.0
com_13002.parquet,VT,[325781],30.0
com_13004.parquet,VT,[325939],35.0
com_13009.parquet,VT,"[325941, 326015]",10.0
com_13010.parquet,VT,"[325688, 325984]",10.0
com_13011.parquet,VT,"[325600, 325695, 325801, 325941, 326015]",15.0
com_13016.parquet,VT,"[325559, 325573, 325960]",15.0
com_13018.parquet,VT,[325885],25.0
com_13023.parquet,VT,"[325620, 325681, 325685, 325801, 325866, 325871, 325901, 325907]",35.0
com_13024.parquet,VT,[325617],30.0
com_13025.parquet,VT,[325885],20.0
com_13028.parquet,VT,[],
com_13031.parquet,VT,[325892],25.0
com_13037.parquet,VT,"[325665, 325684, 325738, 325778]",45.0
com_13043.parquet,VT,[325984],10.0
com_13044.parquet,VT,[325796],40.0
com_13047.parquet,VT,[325984],15.0
com_13049.parquet,VT,"[325549, 325846, 325964]",25.0
com_13051.parquet,VT,"[325681, 325866]",30.0
com_13056.parquet,VT,"[325725, 325989, 326050]",20.0
com_13058.parquet,VT,[325670],25.0
com_13059.parquet,VT,[325939],25.0
com_13063.parquet,VT,[325716],20.0
com_13065.parquet,VT,"[325714, 325785, 325905, 325934, 325961, 326014, 326034]",15.0
com_13066.parquet,VT,"[325547, 325554, 325849]",25.0
com_13069.parquet,VT,"[325549, 325611, 325721, 325891, 325964, 326018]",40.0
com_13074.parquet,VT,"[325542, 325672]",20.0
com_13076.parquet,VT,[325611],35.0
com_13079.parquet,VT,"[325554, 325617, 325944]",35.0
com_13080.parquet,VT,[325555],15.0
com_13081.parquet,VT,"[325665, 325778]",35.0
com_13083.parquet,VT,[325524],20.0
com_13085.parquet,VT,[325935],20.0
com_13088.parquet,VT,"[325557, 325806, 325895]",35.0
com_13090.parquet,VT,[325796],50.0
com_13096.parquet,VT,[326001],30.0
com_13100.parquet,VT,[325989],20.0
com_13102.parquet,VT,[325937],15.0
com_13103.parquet,VT,[325750],20.0
com_13107.parquet,VT,"[325683, 325917]",25.0
com_13109.parquet,VT,[],
com_13112.parquet,VT,[325559],20.0
com_13114.parquet,VT,"[325576, 325673]",20.0
com_13116.parquet,VT,"[325929, 326002]",15.0
com_13121.parquet,VT,"[325519, 325885]",35.0
com_13123.parquet,VT,[325935],20.0
com_13126.parquet,VT,"[325873, 325935]",20.0
com_13132.parquet,VT,"[325557, 325806]",35.0
com_13134.parquet,VT,[325540],30.0
com_13135.parquet,VT,"[325659, 325935]",20.0
com_13137.parquet,VT,[325559],15.0
com_13138.parquet,VT,[325867],15.0
com_13141.parquet,VT,"[325546, 325660]",15.0
com_13144.parquet,VT,"[325665, 325891, 326018]",50.0
com_13145.parquet,VT,[325937],15.0
com_13146.parquet,VT,[325939],35.0
com_13147.parquet,VT,"[325537, 325571, 325593, 325594, 325658, 325711, 325816, 325829, 325937, 326036]",20.0
com_13153.parquet,VT,"[325547, 325554, 326045, 326049]",30.0
com_13154.parquet,VT,"[325537, 325890, 325937]",20.0
com_13158.parquet,VT,"[325692, 325697, 326005]",15.0
com_13164.parquet,VT,"[325519, 325557, 325806, 325885, 325895]",40.0
com_13167.parquet,VT,"[325846, 325964]",20.0
com_13169.parquet,VT,"[325559, 325573, 325657, 325839, 325960, 326016]",20.0
com_13171.parquet,VT,[325704],25.0
com_13172.parquet,VT,[326001],15.0
com_13175.parquet,VT,"[325538, 325639]",20.0
com_13178.parquet,VT,"[325764, 325849]",25.0
com_13182.parquet,VT,[325695],15.0
com_13187.parquet,VT,[325728],15.0
com_13188.parquet,VT,[325695],10.0
com_13190.parquet,VT,[325867],10.0
com_13193.parquet,VT,"[325714, 325769, 325905, 325934, 325961, 326015, 326034]",15.0
com_13194.parquet,VT,[325617],30.0
com_13196.parquet,VT,[325997],10.0
com_13202.parquet,VT,"[325890, 325937]",15.0
com_13210.parquet,VT,"[325696, 325716, 325824]",20.0
com_13212.parquet,VT,[325935],20.0
com_13217.parquet,VT,[325716],20.0
com_13219.parquet,VT,[325711],15.0
com_13221.parquet,VT,[325935],15.0
com_13223.parquet,VT,[325935],15.0
com_13224.parquet,VT,[325781],20.0
com_13226.parquet,VT,"[325799, 326020]",35.0
com_13229.parquet,VT,"[325545, 325663]",15.0
com_13230.parquet,VT,[325859],15.0
com_13231.parquet,VT,[325964],35.0
com_13233.parquet,VT,[326031],15.0
com_13234.parquet,VT,[326020],35.0
com_13239.parquet,VT,"[325546, 326016]",15.0
com_13245.parquet,VT,[325778],30.0
com_13248.parquet,VT,"[325788, 325909, 325939, 326046]",25.0
com_13250.parquet,VT,[325581],35.0
com_13252.parquet,VT,[325937],10.0
com_13255.parquet,VT,[325671],30.0
com_13257.parquet,VT,"[325654, 325795, 325981, 326017]",30.0
com_13261.parquet,VT,[],
com_13262.parquet,VT,[325665],40.0
com_13264.parquet,VT,[325796],45.0
com_13267.parquet,VT,[326031],20.0
com_13269.parquet,VT,"[325630, 326001]",20.0
com_13270.parquet,VT,"[325769, 325961]",15.0
com_13274.parquet,VT,"[325939, 326046]",30.0
com_13289.parquet,VT,[325925],15.0
com_13291.parquet,VT,[],
com_13292.parquet,VT,[326031],15.0
com_13294.parquet,VT,"[325546, 325570, 325618, 325679, 326016]",20.0
com_13299.parquet,VT,[325630],15.0
com_13303.parquet,VT,[325895],30.0
com_13304.parquet,VT,[325611],35.0
com_13305.parquet,VT,"[325620, 325685, 325767, 325901, 325907]",35.0
com_13311.parquet,VT,"[325530, 325690, 325737, 325869, 325888]",20.0
com_13313.parquet,VT,[325905],10.0
com_13315.parquet,VT,[326045],30.0
com_13316.parquet,VT,"[325817, 325842]",20.0
com_13319.parquet,VT,[325681],15.0
com_13321.parquet,VT,[325929],20.0
com_13324.parquet,VT,[325554],25.0
com_13325.parquet,VT,"[325823, 325915]",20.0
com_13333.parquet,VT,[325939],35.0
com_13335.parquet,VT,[325523],20.0
com_13337.parquet,VT,[325592],45.0
com_13339.parquet,VT,"[325657, 325960]",15.0
com_13342.parquet,VT,[325885],25.0
com_13346.parquet,VT,[325665],35.0
com_13347.parquet,VT,[325683],25.0
com_13348.parquet,VT,[325788],30.0
com_13352.parquet,VT,"[325720, 325921]",20.0
com_13354.parquet,VT,[325878],15.0
com_13360.parquet,VT,[325662],20.0
com_13363.parquet,VT,"[325828, 325786, 326020, 326040]",35.0
com_13366.parquet,VT,[325697],15.0
com_13368.parquet,VT,[325559],20.0
com_13372.parquet,VT,"[325626, 325642, 325645, 325716, 325796]",45.0
com_13379.parquet,VT,[325538],20.0
com_13382.parquet,VT,[325663],15.0
com_13386.parquet,VT,"[325519, 325885]",20.0
com_13391.parquet,VT,[325935],20.0
com_13393.parquet,VT,[325567],40.0
com_13395.parquet,VT,"[325764, 325861, 325912]",20.0
com_13397.parquet,VT,[325559],15.0
com_13398.parquet,VT,[325750],30.0
com_13400.parquet,VT,"[325620, 325681, 325685, 325720, 325801, 325871, 325907]",40.0
com_13401.parquet,VT,"[325769, 325961]",15.0
com_13404.parquet,VT,[326013],30.0
com_13406.parquet,VT,"[325823, 325863]",15.0
com_13410.parquet,VT,"[325594, 325711]",15.0
com_13413.parquet,VT,"[325778, 325796]",30.0
com_13414.parquet,VT,"[325623, 325867]",20.0
com_13418.parquet,VT,"[325546, 325570, 325618, 325628, 325649, 325660, 325679, 326016]",25.0
com_13419.parquet,VT,[325565],30.0
com_13420.parquet,VT,"[325715, 325759, 325785, 325984, 325997]",25.0
com_13423.parquet,VT,"[325573, 326016]",15.0
com_13425.parquet,VT,"[325659, 326003]",20.0
com_13427.parquet,VT,"[325559, 325573, 325657, 325960]",15.0
com_13428.parquet,VT,[],
com_13430.parquet,VT,[325720],20.0
com_13431.parquet,VT,"[325689, 325748]",15.0
com_13432.parquet,VT,[325547],15.0
com_13439.parquet,VT,[325750],30.0
com_13440.parquet,VT,[325785],10.0
com_13441.parquet,VT,[325671],20.0
com_13443.parquet,VT,[326027],25.0
com_13444.parquet,VT,"[325537, 325571, 325594, 325711, 325748, 325890, 325937, 326017]",20.0
com_13445.parquet,VT,"[325670, 325676]",35.0
com_13448.parquet,VT,[325665],40.0
com_13450.parquet,VT,[326018],15.0
com_13456.parquet,VT,"[325728, 325752]",20.0
com_13459.parquet,VT,"[325594, 325693, 325721]",15.0
com_13461.parquet,VT,[325632],20.0
com_13462.parquet,VT,"[325873, 325935]",20.0
com_13466.parquet,VT,"[325536, 325551, 325694, 325819, 325867]",20.0
com_13468.parquet,VT,[325659],15.0
com_13469.parquet,VT,[325915],5.0
com_13477.parquet,VT,"[325559, 325960, 326053]",20.0
com_13479.parquet,VT,"[325688, 325692, 325759, 325984, 326005]",20.0
com_13480.parquet,VT,[325964],15.0
com_13484.parquet,VT,"[325828, 325799, 326020]",35.0
com_13486.parquet,VT,"[325929, 326002]",15.0
com_13490.parquet,VT,[325676],40.0
com_13492.parquet,VT,"[325691, 325863]",20.0
com_13495.parquet,VT,[325817],20.0
com_13497.parquet,VT,[325823],10.0
com_13499.parquet,VT,[325521],25.0
com_13501.parquet,VT,[325739],30.0
com_13502.parquet,VT,[325703],50.0
com_13508.parquet,VT,[325796],40.0
com_13509.parquet,VT,"[325521, 325539]",20.0
com_13510.parquet,VT,[],
com_13513.parquet,VT,[325728],15.0
com_13515.parquet,VT,"[325703, 326000]",45.0
com_13517.parquet,VT,"[325671, 325925]",25.0
com_13520.parquet,VT,[325679],30.0
com_13526.parquet,VT,"[325619, 325642, 325815]",15.0
com_13527.parquet,VT,[325592],35.0
com_13532.parquet,VT,[325750],15.0
com_13533.parquet,VT,"[325846, 325964]",20.0
com_13534.parquet,VT,"[325563, 325600, 325620, 325671, 325681, 325685, 325739, 325801, 325871, 326020, 326052]",45.0
com_13537.parquet,VT,"[325563, 325879, 325929, 326002, 326052]",15.0
com_13538.parquet,VT,"[325688, 325984]",15.0
com_13539.parquet,VT,[325603],25.0
com_13540.parquet,VT,"[325846, 325878]",20.0
com_13545.parquet,VT,"[325556, 325662, 325853]",20.0
com_13551.parquet,VT,"[325688, 325984]",15.0
com_13557.parquet,VT,"[325764, 326045]",20.0
com_13562.parquet,VT,"[325558, 325867]",15.0
com_13564.parquet,VT,"[325559, 325842]",20.0
com_13567.parquet,VT,"[325519, 325557, 325806, 325885, 325895]",40.0
com_13568.parquet,VT,"[325620, 325681, 325685]",30.0
com_13569.parquet,VT,"[325525, 325550, 325681, 325941, 326015, 326030]",15.0
com_13571.parquet,VT,[325559],15.0
com_13576.parquet,VT,"[325545, 325663, 325940, 325978]",15.0
com_13577.parquet,VT,"[325521, 325617, 325944]",40.0
com_13578.parquet,VT,[325885],20.0
com_13580.parquet,VT,[325562],10.0
com_13581.parquet,VT,[326020],35.0
com_13584.parquet,VT,[325637],15.0
com_13585.parquet,VT,"[325688, 325759, 325984, 325997]",20.0
com_13587.parquet,VT,"[325817, 325842]",20.0
com_13592.parquet,VT,[325671],30.0
com_13596.parquet,VT,[325788],25.0
com_13597.parquet,VT,"[325549, 325639]",20.0
com_13601.parquet,VT,"[325558, 325563, 325771, 325879, 325929, 325957, 326002]",20.0
com_13604.parquet,VT,[325594],15.0
com_13609.parquet,VT,[325554],30.0
com_13611.parquet,VT,[325842],20.0
com_13613.parquet,VT,[325867],15.0
com_13616.parquet,VT,[325834],40.0
com_13618.parquet,VT,[325935],15.0
com_13623.parquet,VT,"[325626, 325716]",30.0
com_13625.parquet,VT,[326013],35.0
com_13628.parquet,VT,[325752],20.0
com_13636.parquet,VT,[325567],30.0
com_13637.parquet,VT,"[325611, 325846, 325916, 325964]",50.0
com_13638.parquet,VT,"[325591, 325603]",35.0
com_13641.parquet,VT,[325716],15.0
com_13645.parquet,VT,[325892],20.0
com_13647.parquet,VT,[325704],25.0
com_13649.parquet,VT,"[325639, 325662, 325853]",20.0
com_13650.parquet,VT,[325611],30.0
com_13652.parquet,VT,[325984],10.0
com_13653.parquet,VT,"[325563, 325671, 325879, 326052]",30.0
com_13655.parquet,VT,[325716],45.0
com_13657.parquet,VT,[325732],25.0
com_13661.parquet,VT,[325885],35.0
com_13663.parquet,VT,"[325534, 325749, 325938, 325998]",15.0
com_13666.parquet,VT,[325939],40.0
com_13676.parquet,VT,"[325671, 326045]",25.0
com_13680.parquet,VT,"[325714, 325769, 325961]",15.0
com_13682.parquet,VT,"[325545, 325576, 325663, 325878, 325940, 325978]",25.0
com_13683.parquet,VT,"[325542, 325637, 325823, 325863]",20.0
com_13685.parquet,VT,[325905],10.0
com_13686.parquet,VT,[],
com_13687.parquet,VT,[325871],35.0
com_13689.parquet,VT,[325521],20.0
com_13694.parquet,VT,[325923],15.0
com_13697.parquet,VT,[325787],25.0
com_13705.parquet,VT,[325725],15.0
com_13712.parquet,VT,"[325696, 325842, 325873, 325962]",20.0
com_13714.parquet,VT,"[325559, 326053]",20.0
com_13718.parquet,VT,[325928],30.0
com_13719.parquet,VT,[325663],15.0
com_13720.parquet,VT,[325871],40.0
com_13723.parquet,VT,"[325532, 325566]",15.0
com_13730.parquet,VT,[325730],15.0
com_13732.parquet,VT,"[325593, 325594, 325711, 325937]",20.0
com_13734.parquet,VT,"[325817, 325842]",20.0
com_13736.parquet,VT,"[325846, 325916]",15.0
com_13738.parquet,VT,"[325890, 325937]",15.0
com_13740.parquet,VT,[325957],15.0
com_13747.parquet,VT,"[325817, 325935]",20.0
com_13750.parquet,VT,[325811],25.0
com_13755.parquet,VT,[325785],10.0
com_13759.parquet,VT,[325905],10.0
com_13760.parquet,VT,[326015],10.0
com_13766.parquet,VT,"[325563, 325600]",15.0
com_13769.parquet,VT,"[325989, 326050]",45.0
com_13777.parquet,VT,[325542],15.0
com_13779.parquet,VT,"[325684, 325738, 325981]",30.0
com_13781.parquet,VT,[325525],10.0
com_13786.parquet,VT,[325935],15.0
com_13787.parquet,VT,"[325683, 325896, 325917]",35.0
com_13788.parquet,VT,"[325549, 325594, 325721, 325964]",20.0
com_13791.parquet,VT,[325939],20.0
com_13793.parquet,VT,"[325573, 326016]",15.0
com_13795.parquet,VT,"[325559, 326053]",25.0
com_13797.parquet,VT,"[325611, 325846, 325989]",30.0
com_13800.parquet,VT,"[325750, 325805, 325871]",30.0
com_13801.parquet,VT,[325937],15.0
com_13802.parquet,VT,"[326003, 326012]",20.0
com_13804.parquet,VT,"[325620, 325685, 325871, 325907]",30.0
com_13807.parquet,VT,[],
com_13809.parquet,VT,"[325671, 325925, 326045]",25.0
com_13810.parquet,VT,[325939],30.0
com_13811.parquet,VT,"[325556, 325663, 325728, 325752, 326006]",20.0
com_13815.parquet,VT,[325863],20.0
com_13824.parquet,VT,[325935],20.0
com_13828.parquet,VT,[325834],50.0
com_13831.parquet,VT,[325608],15.0
com_13833.parquet,VT,[325519],30.0
com_13837.parquet,VT,"[325842, 325962]",20.0
com_13842.parquet,VT,"[325557, 325806, 325895]",30.0
com_13847.parquet,VT,"[325725, 325989, 326050]",30.0
com_13849.parquet,VT,"[325785, 326014]",10.0
com_13852.parquet,VT,[325691],15.0
com_13853.parquet,VT,"[325607, 325891, 325958, 326018]",45.0
com_13854.parquet,VT,[325720],30.0
com_13858.parquet,VT,"[325630, 325888, 326001]",20.0
com_13860.parquet,VT,"[325620, 325685]",30.0
com_13868.parquet,VT,[325788],40.0
com_13875.parquet,VT,[325885],15.0
com_13880.parquet,VT,[326001],30.0
com_13882.parquet,VT,"[325688, 325692, 325759, 325984, 326005]",20.0
com_13884.parquet,VT,[325788],30.0
com_13886.parquet,VT,[325750],25.0
com_13887.parquet,VT,[326000],30.0
com_13891.parquet,VT,[325521],30.0
com_13893.parquet,VT,[325939],40.0
com_13894.parquet,VT,"[325905, 325941, 326015]",10.0
com_13898.parquet,VT,[325716],25.0
com_13899.parquet,VT,"[325693, 325721, 325891, 326018]",30.0
com_13904.parquet,VT,"[325617, 325713, 326040]",35.0
com_13905.parquet,VT,"[325549, 325594, 325721]",20.0
com_13910.parquet,VT,"[325557, 325806]",35.0
com_13922.parquet,VT,"[325688, 325905, 325984]",15.0
com_13925.parquet,VT,[325895],30.0
com_13932.parquet,VT,"[325525, 325681]",10.0
com_13939.parquet,VT,[325695],15.0
com_13940.parquet,VT,[326045],20.0
com_13941.parquet,VT,"[325727, 325823, 325915]",30.0
com_13948.parquet,VT,"[325573, 325657, 325696, 325960, 325962, 326016]",25.0
com_13949.parquet,VT,[325542],15.0
com_13956.parquet,VT,"[325630, 326001]",20.0
com_13957.parquet,VT,[325939],20.0
com_13960.parquet,VT,[325964],20.0
com_13962.parquet,VT,"[325653, 325669, 325912]",30.0
com_13964.parquet,VT,[325939],20.0
com_13965.parquet,VT,[325577],15.0
com_13968.parquet,VT,[325704],15.0
com_13969.parquet,VT,[325984],10.0
com_13973.parquet,VT,"[325778, 325796]",45.0
com_13977.parquet,VT,[326045],25.0
com_13978.parquet,VT,"[325671, 325925, 326020]",40.0
com_13979.parquet,VT,[325671],35.0
com_13980.parquet,VT,[325663],15.0
com_13983.parquet,VT,"[325684, 325738, 325851]",25.0
com_13989.parquet,VT,"[325785, 325905, 325967, 325984, 326014]",15.0
com_13990.parquet,VT,"[325591, 325683]",35.0
com_13991.parquet,VT,"[325546, 325570, 326016]",20.0
com_13993.parquet,VT,[325995],15.0
com_13995.parquet,VT,[325964],15.0
com_13996.parquet,VT,[326031],20.0
com_13997.parquet,VT,[325878],20.0
com_14002.parquet,VT,[325846],30.0
com_14004.parquet,VT,"[325817, 325842]",20.0
com_14007.parquet,VT,"[325672, 325691]",20.0
com_14010.parquet,VT,"[325556, 325752]",20.0
com_14012.parquet,VT,"[325532, 325587, 325717, 325749, 325938]",15.0
com_14013.parquet,VT,"[325537, 325689, 325890, 325902, 325937]",20.0
com_14014.parquet,VT,"[325620, 325685, 325871, 325907]",30.0
com_14018.parquet,VT,[325617],25.0
com_14026.parquet,VT,[325728],10.0
com_14027.parquet,VT,[326005],10.0
com_14030.parquet,VT,[325799],15.0
com_14031.parquet,VT,"[325890, 325937]",20.0
com_14032.parquet,VT,"[325624, 325659, 326003, 326012]",25.0
com_14033.parquet,VT,"[325587, 325727]",15.0
com_14034.parquet,VT,[325964],45.0
com_14037.parquet,VT,"[325785, 325905]",10.0
com_14039.parquet,VT,"[325728, 325964]",20.0
com_14041.parquet,VT,[325817],20.0
com_14045.parquet,VT,[325842],20.0
com_14046.parquet,VT,"[325549, 325964]",20.0
com_14048.parquet,VT,[325842],20.0
com_14052.parquet,VT,[325716],15.0
com_14056.parquet,VT,[326000],40.0
com_14059.parquet,VT,"[325620, 325648, 325685, 325767, 325901]",25.0
com_14065.parquet,VT,[326033],20.0
com_14067.parquet,VT,"[325759, 326027]",20.0
com_14069.parquet,VT,[325559],15.0
com_14070.parquet,VT,[325984],10.0
com_14071.parquet,VT,[325909],25.0
com_14074.parquet,VT,"[325525, 325681, 325730, 325801, 325866, 326030]",15.0
com_14075.parquet,VT,[325846],40.0
com_14087.parquet,VT,[325714],10.0
com_14090.parquet,VT,"[325556, 325663, 325752]",20.0
com_14092.parquet,VT,"[325600, 325801, 326052]",25.0
com_14093.parquet,VT,"[325671, 325925, 326045]",35.0
com_14094.parquet,VT,"[325720, 325750]",30.0
com_14097.parquet,VT,[325659],15.0
com_14099.parquet,VT,[325704],30.0
com_14101.parquet,VT,"[325532, 325534, 325566, 325717, 325727]",15.0
com_14102.parquet,VT,[325665],30.0
com_14106.parquet,VT,[325863],15.0
com_14108.parquet,VT,"[325692, 325697]",15.0
com_14111.parquet,VT,"[325671, 325925]",20.0
com_14113.parquet,VT,[],
com_14115.parquet,VT,[325558],15.0
com_14117.parquet,VT,[326000],30.0
com_14121.parquet,VT,[325859],15.0
com_14123.parquet,VT,[325676],45.0
com_14124.parquet,VT,"[325662, 325853]",15.0
com_14125.parquet,VT,[325671],25.0
com_14127.parquet,VT,"[325624, 325659, 326003, 326012]",25.0
com_14128.parquet,VT,[325915],10.0
com_14129.parquet,VT,"[325598, 325768]",15.0
com_14131.parquet,VT,[325917],25.0
com_14136.parquet,VT,"[325683, 326031]",25.0
com_14137.parquet,VT,"[325559, 325573, 325657, 325793, 325960]",20.0
com_14141.parquet,VT,[326005],10.0
com_14142.parquet,VT,"[325828, 326020]",25.0
com_14153.parquet,VT,[325803],15.0
com_14155.parquet,VT,"[325681, 325866]",20.0
com_14158.parquet,VT,"[325559, 325573, 325657, 325696, 325793, 325839, 325960, 325962, 326016]",25.0
com_14160.parquet,VT,"[325692, 326005]",15.0
com_14162.parquet,VT,"[325567, 325570, 325618]",35.0
com_14164.parquet,VT,[325935],20.0
com_14165.parquet,VT,"[325591, 325683]",35.0
com_14166.parquet,VT,"[325639, 325662, 325853]",20.0
com_14167.parquet,VT,"[325828, 325671, 325799, 325925, 326020]",30.0
com_14176.parquet,VT,"[325715, 325921]",10.0
com_14177.parquet,VT,[],
com_14178.parquet,VT,"[325823, 325863]",15.0
com_14183.parquet,VT,"[325620, 325685, 325767, 325901]",25.0
com_14185.parquet,VT,[325573],10.0
com_14187.parquet,VT,"[325546, 325649, 325660, 326016]",20.0
com_14192.parquet,VT,[325796],40.0
com_14194.parquet,VT,"[325659, 326003, 326012]",20.0
com_14195.parquet,VT,[326033],30.0
com_14196.parquet,VT,[325867],20.0
com_14198.parquet,VT,"[325537, 325571, 325908]",15.0
com_14199.parquet,VT,[325581],25.0
com_14203.parquet,VT,"[325683, 325917]",25.0
com_14204.parquet,VT,[325869],10.0
com_14205.parquet,VT,"[325750, 325871]",25.0
com_14206.parquet,VT,"[325570, 325679, 326016]",15.0
com_14207.parquet,VT,[325937],10.0
com_14212.parquet,VT,[325788],20.0
com_14217.parquet,VT,[326046],35.0
com_14219.parquet,VT,"[325607, 325665]",40.0
com_14221.parquet,VT,[325907],35.0
com_14231.parquet,VT,[325649],20.0
com_14233.parquet,VT,"[325559, 325657, 325960]",15.0
com_14237.parquet,VT,"[325546, 325559, 325573, 325660, 325682, 326016]",20.0
com_14242.parquet,VT,"[325600, 325608, 325681, 325801, 325866]",25.0
com_14244.parquet,VT,[325895],30.0
com_14247.parquet,VT,"[325671, 325925, 326045]",25.0
com_14248.parquet,VT,"[325611, 325939]",40.0
com_14250.parquet,VT,"[325716, 325824]",15.0
com_14255.parquet,VT,"[325905, 325941, 326015]",10.0
com_14256.parquet,VT,[325939],20.0
com_14257.parquet,VT,[],
com_14259.parquet,VT,[325964],20.0
com_14262.parquet,VT,[325523],25.0
com_14264.parquet,VT,"[325796, 325851]",45.0
com_14266.parquet,VT,"[325617, 325863, 325944]",35.0
com_14268.parquet,VT,[325659],20.0
com_14272.parquet,VT,[],
com_14277.parquet,VT,[326000],45.0
com_14278.parquet,VT,[325871],35.0
com_14280.parquet,VT,[325676],35.0
com_14282.parquet,VT,"[325696, 325824]",30.0
com_14287.parquet,VT,"[325823, 325863, 325915]",20.0
com_14289.parquet,VT,[325842],20.0
com_14291.parquet,VT,"[325663, 325728]",15.0
com_14294.parquet,VT,"[325725, 325989]",35.0
com_14295.parquet,VT,"[325611, 325846, 325989, 326050]",45.0
com_14300.parquet,VT,[325873],15.0
com_14309.parquet,VT,[325600],20.0
com_14314.parquet,VT,"[325565, 325617, 326033]",35.0
com_14316.parquet,VT,"[325684, 325778, 325796]",45.0
com_14323.parquet,VT,[325817],20.0
com_14325.parquet,VT,"[325571, 325619, 325803, 325816, 325829, 325908, 325993]",15.0
com_14328.parquet,VT,[325725],25.0
com_14330.parquet,VT,"[325778, 325796]",40.0
com_14337.parquet,VT,[325670],35.0
com_14339.parquet,VT,[325549],15.0
com_14340.parquet,VT,[326005],10.0
com_14342.parquet,VT,[325549],15.0
com_14346.parquet,VT,"[325929, 326002]",15.0
com_14348.parquet,VT,[325716],20.0
com_14349.parquet,VT,"[325788, 325939]",25.0
com_14351.parquet,VT,[325846],20.0
com_14353.parquet,VT,"[325688, 325785, 325984]",15.0
com_14356.parquet,VT,"[325538, 325639, 325689, 325890]",20.0
com_14360.parquet,VT,[325592],30.0
com_14362.parquet,VT,"[325795, 325891]",50.0
com_14364.parquet,VT,[325617],35.0
com_14369.parquet,VT,"[325688, 325984]",15.0
com_14382.parquet,VT,[325676],40.0
com_14383.parquet,VT,[325663],15.0
com_14384.parquet,VT,[326045],20.0
com_14388.parquet,VT,[325862],30.0
com_14393.parquet,VT,"[325545, 325663]",15.0
com_14395.parquet,VT,"[325546, 325660]",15.0
com_14402.parquet,VT,"[325519, 325885]",25.0
com_14407.parquet,VT,"[325519, 325806, 325885]",40.0
com_14412.parquet,VT,"[325540, 325565, 326033]",35.0
com_14413.parquet,VT,[325559],20.0
com_14414.parquet,VT,[325960],15.0
com_14420.parquet,VT,"[325659, 326003, 326012]",20.0
com_14421.parquet,VT,[325944],35.0
com_14425.parquet,VT,"[325752, 325878, 325916]",15.0
com_14427.parquet,VT,"[325796, 325831]",40.0
com_14429.parquet,VT,[325683],30.0
com_14430.parquet,VT,[325880],25.0
com_14432.parquet,VT,"[325909, 325939, 326046]",40.0
com_14433.parquet,VT,[325937],10.0
com_14434.parquet,VT,[325653],25.0
com_14437.parquet,VT,"[325633, 325688, 325714, 325785, 325874, 325934, 325967, 325984, 326014]",15.0
com_14450.parquet,VT,"[325817, 325935]",20.0
com_14452.parquet,VT,[325846],35.0
com_14455.parquet,VT,[325863],30.0
com_14459.parquet,VT,[325891],25.0
com_14460.parquet,VT,"[325538, 325594, 325639, 325689, 325890, 325937]",25.0
com_14463.parquet,VT,"[325714, 325785, 325934, 325961]",15.0
com_14464.parquet,VT,"[325778, 325796]",35.0
com_14472.parquet,VT,"[325929, 326002]",15.0
com_14474.parquet,VT,[325961],10.0
com_14477.parquet,VT,[325939],25.0
com_14478.parquet,VT,[325611],30.0
com_14480.parquet,VT,"[325525, 325730, 325905]",15.0
com_14481.parquet,VT,[325939],40.0
com_14484.parquet,VT,"[325671, 325925]",25.0
com_14489.parquet,VT,"[325549, 325846, 325964]",20.0
com_14490.parquet,VT,[325787],10.0
com_14493.parquet,VT,"[325704, 325729]",30.0
com_14494.parquet,VT,"[325660, 326016]",15.0
com_14496.parquet,VT,[326005],10.0
com_14498.parquet,VT,[325742],30.0
com_14502.parquet,VT,[325878],20.0
com_14504.parquet,VT,[325823],20.0
com_14505.parquet,VT,"[325671, 325925]",20.0
com_14507.parquet,VT,[325752],15.0
com_14511.parquet,VT,[326005],10.0
com_14512.parquet,VT,"[325533, 325597, 325633, 325688, 325785, 325874, 325967, 325984]",15.0
com_14518.parquet,VT,"[325716, 325831]",50.0
com_14520.parquet,VT,"[325891, 326018]",45.0
com_14522.parquet,VT,[325750],35.0
com_14523.parquet,VT,"[325888, 325982]",15.0
com_14527.parquet,VT,"[325721, 325891]",40.0
com_14531.parquet,VT,[325796],45.0
com_14533.parquet,VT,"[325620, 325685, 325907]",30.0
com_14534.parquet,VT,"[325549, 325721, 325891, 326018]",35.0
com_14536.parquet,VT,"[325581, 325764, 325861, 326045]",35.0
com_14543.parquet,VT,"[325523, 325925]",20.0
com_14545.parquet,VT,"[325659, 326003, 326012]",20.0
com_14547.parquet,VT,"[325607, 325654, 325738, 325981]",40.0
com_14549.parquet,VT,[],
com_14552.parquet,VT,[325984],15.0
com_14553.parquet,VT,"[325549, 325611, 325846, 325964]",50.0
com_14554.parquet,VT,[325905],10.0
com_14557.parquet,VT,"[325692, 325697, 326005]",15.0
com_14564.parquet,VT,"[325671, 325925, 326045]",35.0
com_14567.parquet,VT,"[325523, 325925]",20.0
com_14569.parquet,VT,[326033],30.0
com_14574.parquet,VT,[325790],25.0
com_14576.parquet,VT,"[325671, 325925]",30.0
com_14579.parquet,VT,[325688],5.0
com_14580.parquet,VT,"[325688, 325785]",10.0
com_14583.parquet,VT,[325935],20.0
com_14585.parquet,VT,[325658],15.0
com_14587.parquet,VT,"[325559, 325573]",10.0
com_14590.parquet,VT,"[325639, 325662, 325808, 325853]",20.0
com_14592.parquet,VT,"[325681, 325866]",10.0
com_14594.parquet,VT,"[325769, 325961]",15.0
com_14595.parquet,VT,[325888],15.0
com_14599.parquet,VT,[325571],10.0
com_14600.parquet,VT,"[325591, 325683]",40.0
com_14605.parquet,VT,"[325725, 325989, 326050]",30.0
com_14606.parquet,VT,"[325559, 325573, 325657, 325960]",20.0
com_14610.parquet,VT,"[325817, 325842]",20.0
com_14612.parquet,VT,"[325519, 325885]",25.0
com_14617.parquet,VT,[325542],10.0
com_14619.parquet,VT,[325728],15.0
com_14620.parquet,VT,"[325563, 325879, 325929, 326052]",15.0
com_14626.parquet,VT,"[325878, 325916]",15.0
com_14629.parquet,VT,[326045],25.0
com_14630.parquet,VT,"[325859, 325878]",15.0
com_14635.parquet,VT,[326031],20.0
com_14639.parquet,VT,"[325684, 325778, 325796]",45.0
com_14644.parquet,VT,[325984],15.0
com_14646.parquet,VT,"[325555, 325587, 325613]",20.0
com_14650.parquet,VT,[325726],30.0
com_14660.parquet,VT,[325905],15.0
com_14665.parquet,VT,[325997],15.0
com_14668.parquet,VT,"[325522, 325768]",15.0
com_14671.parquet,VT,[325659],15.0
com_14673.parquet,VT,"[325517, 325581, 325747, 325861]",25.0
com_14677.parquet,VT,[325728],15.0
com_14682.parquet,VT,[325796],30.0
com_14686.parquet,VT,[326031],20.0
com_14687.parquet,VT,"[325559, 325842]",20.0
com_14689.parquet,VT,[325592],30.0
com_14691.parquet,VT,[325909],20.0
com_14693.parquet,VT,"[325787, 325869]",20.0
com_14694.parquet,VT,[325671],30.0
com_14696.parquet,VT,[325688],10.0
com_14701.parquet,VT,[325859],15.0
com_14703.parquet,VT,[325524],15.0
com_14708.parquet,VT,"[325750, 325862, 325939, 326046]",45.0
com_14709.parquet,VT,"[325846, 325989]",20.0
com_14712.parquet,VT,"[325585, 325595, 325734]",20.0
com_14714.parquet,VT,[325842],20.0
com_14716.parquet,VT,[325540],25.0
com_14719.parquet,VT,[325842],20.0
com_14723.parquet,VT,[325703],45.0
com_14726.parquet,VT,[],
com_14727.parquet,VT,"[325532, 325717]",10.0
com_14732.parquet,VT,[325871],20.0
com_14735.parquet,VT,[325873],15.0
com_14741.parquet,VT,[325703],50.0
com_14744.parquet,VT,"[325611, 325846]",40.0
com_14746.parquet,VT,[325567],20.0
com_14748.parquet,VT,[325984],10.0
com_14749.parquet,VT,"[325752, 325853]",20.0
com_14754.parquet,VT,"[325611, 325846, 325916]",45.0
com_14755.parquet,VT,[326020],25.0
com_14757.parquet,VT,"[325688, 325785]",10.0
com_14761.parquet,VT,"[325620, 325685]",30.0
com_14766.parquet,VT,"[325817, 325842]",20.0
com_14772.parquet,VT,"[325519, 325885]",25.0
com_14775.parquet,VT,[325905],5.0
com_14777.parquet,VT,[325517],20.0
com_14780.parquet,VT,"[325688, 325785]",10.0
com_14781.parquet,VT,"[325941, 326015]",10.0
com_14784.parquet,VT,[325831],30.0
com_14785.parquet,VT,[325916],10.0
com_14787.parquet,VT,"[325598, 325988]",20.0
com_14789.parquet,VT,"[325594, 325711, 325748, 325890, 325937, 326017]",20.0
com_14790.parquet,VT,"[325790, 325862]",35.0
com_14795.parquet,VT,[325728],15.0
com_14797.parquet,VT,[325796],35.0
com_14798.parquet,VT,[325549],10.0
com_14800.parquet,VT,"[325563, 325929]",15.0
com_14801.parquet,VT,"[325854, 325984]",15.0
com_14802.parquet,VT,[325948],20.0
com_14804.parquet,VT,[325671],30.0
com_14805.parquet,VT,"[325571, 325658, 325816]",15.0
com_14807.parquet,VT,"[325879, 325929, 326002]",15.0
com_14809.parquet,VT,[325993],20.0
com_14810.parquet,VT,"[325535, 326025]",20.0
com_14814.parquet,VT,"[325571, 325658, 325816, 325829]",15.0
com_14818.parquet,VT,"[325559, 325573, 326016]",15.0
com_14822.parquet,VT,[325867],20.0
com_14824.parquet,VT,"[325521, 325540]",25.0
com_14825.parquet,VT,"[325530, 325690, 325888, 325982]",20.0
com_14826.parquet,VT,"[325637, 325863]",20.0
com_14828.parquet,VT,"[325659, 326003, 326012]",20.0
com_14833.parquet,VT,[325937],15.0
com_14834.parquet,VT,[325704],35.0
com_14837.parquet,VT,[325607],30.0
com_14838.parquet,VT,[326015],10.0
com_14841.parquet,VT,[325611],35.0
com_14842.parquet,VT,[325834],25.0
com_14847.parquet,VT,[325688],10.0
com_14849.parquet,VT,[325721],10.0
com_14850.parquet,VT,[325939],40.0
com_14855.parquet,VT,"[325909, 325939, 326046]",30.0
com_14859.parquet,VT,"[325695, 325769, 325941, 326015]",15.0
com_14862.parquet,VT,[325728],15.0
com_14863.parquet,VT,"[325684, 325738, 325851]",30.0
com_14868.parquet,VT,[325939],30.0
com_14870.parquet,VT,[325925],20.0
com_14872.parquet,VT,[],
com_14876.parquet,VT,"[325563, 325771, 325799, 325879, 326002]",20.0
com_14877.parquet,VT,[],
com_14883.parquet,VT,[325703],45.0
com_14886.parquet,VT,"[325890, 325937]",15.0
com_14890.parquet,VT,"[325890, 325937]",15.0
com_14891.parquet,VT,"[325828, 325671]",30.0
com_14893.parquet,VT,[325831],30.0
com_14894.parquet,VT,[325851],25.0
com_14895.parquet,VT,"[325689, 325890, 325902, 325937]",20.0
com_14897.parquet,VT,"[325644, 326001]",20.0
com_14899.parquet,VT,[325788],35.0
com_14901.parquet,VT,[326031],15.0
com_14904.parquet,VT,"[325519, 325885]",30.0
com_14910.parquet,VT,"[325532, 325566, 325717, 325794, 325837]",15.0
com_14916.parquet,VT,"[325819, 325867]",15.0
com_14918.parquet,VT,"[325587, 325938]",15.0
com_14919.parquet,VT,[325878],20.0
com_14925.parquet,VT,"[325559, 325960]",20.0
com_14926.parquet,VT,"[325545, 325576, 325663, 325673, 325868, 325878, 325923, 325978]",25.0
com_14932.parquet,VT,[325885],30.0
com_14937.parquet,VT,"[325715, 325997]",5.0
com_14942.parquet,VT,[325948],5.0
com_14946.parquet,VT,"[325750, 325790, 325862]",30.0
com_14948.parquet,VT,"[325730, 325905]",15.0
com_14949.parquet,VT,[326031],20.0
com_14950.parquet,VT,"[325620, 325685]",30.0
com_14951.parquet,VT,[325859],20.0
com_14962.parquet,VT,"[325787, 325869]",15.0
com_14971.parquet,VT,"[325600, 325620, 325681, 325685, 325801]",25.0
com_14973.parquet,VT,[325912],20.0
com_14975.parquet,VT,[325752],20.0
com_14976.parquet,VT,"[325666, 325778]",45.0
com_14978.parquet,VT,"[325720, 325788, 325909, 325939]",30.0
com_14981.parquet,VT,"[325688, 325692, 325984]",15.0
com_14983.parquet,VT,"[325598, 325988]",20.0
com_14986.parquet,VT,[325937],15.0
com_14987.parquet,VT,"[325747, 325925]",20.0
com_14989.parquet,VT,"[325654, 325891, 325981]",45.0
com_14991.parquet,VT,[325639],20.0
com_14992.parquet,VT,"[325671, 325925]",20.0
com_14994.parquet,VT,"[325617, 326033]",35.0
com_14998.parquet,VT,"[325539, 326031]",20.0
com_15000.parquet,VT,"[325522, 325539, 325542, 325598, 325768, 325972, 325988]",25.0
com_15001.parquet,VT,[325935],20.0
com_15003.parquet,VT,"[325846, 325916]",20.0
com_15008.parquet,VT,"[325559, 326053]",20.0
com_15010.parquet,VT,[325851],25.0
com_15012.parquet,VT,[325842],25.0
com_15013.parquet,VT,[325683],25.0
com_15014.parquet,VT,[325635],25.0
com_15017.parquet,VT,[],
com_15019.parquet,VT,"[325547, 325554, 326045]",25.0
com_15020.parquet,VT,[325659],15.0
com_15021.parquet,VT,[326033],30.0
com_15022.parquet,VT,[325939],25.0
com_15026.parquet,VT,[325769],10.0
com_15027.parquet,VT,"[325715, 325997]",15.0
com_15030.parquet,VT,[325842],20.0
com_15032.parquet,VT,[325728],20.0
com_15040.parquet,VT,[325796],45.0
com_15041.parquet,VT,[325905],5.0
com_15042.parquet,VT,[325831],40.0
com_15043.parquet,VT,"[325869, 326031]",20.0
com_15044.parquet,VT,"[325559, 325573, 325660]",15.0
com_15045.parquet,VT,[325684],40.0
com_15050.parquet,VT,[325587],15.0
com_15057.parquet,VT,[326046],35.0
com_15059.parquet,VT,"[325641, 325696, 325716, 325824, 325962]",25.0
com_15060.parquet,VT,[325630],15.0
com_15061.parquet,VT,[325939],25.0
com_15066.parquet,VT,"[325558, 325777, 325957]",20.0
com_15067.parquet,VT,[325542],20.0
com_15068.parquet,VT,[325801],25.0
com_15069.parquet,VT,[326031],10.0
com_15071.parquet,VT,"[325828, 325600, 325620, 325681, 325685, 325801, 325866, 326020, 326052]",40.0
com_15073.parquet,VT,[325663],15.0
com_15075.parquet,VT,[325695],15.0
com_15076.parquet,VT,[325695],15.0
com_15077.parquet,VT,[325532],10.0
com_15078.parquet,VT,[325937],15.0
com_15082.parquet,VT,"[325769, 325905]",15.0
com_15083.parquet,VT,"[325828, 325799, 326020]",25.0
com_15084.parquet,VT,[325672],15.0
com_15086.parquet,VT,"[325524, 325570]",15.0
com_15090.parquet,VT,"[325749, 325938]",15.0
com_15092.parquet,VT,"[325592, 325611, 325891, 325903, 326018]",45.0
com_15093.parquet,VT,[325915],15.0
com_15096.parquet,VT,[325762],45.0
com_15097.parquet,VT,"[325571, 325908, 325993]",15.0
com_15104.parquet,VT,"[325533, 325633, 325874, 325967]",15.0
com_15105.parquet,VT,"[325683, 325892, 325896, 326031]",35.0
com_15111.parquet,VT,"[325567, 325570]",25.0
com_15115.parquet,VT,"[325600, 325929]",15.0
com_15117.parquet,VT,[325967],10.0
com_15118.parquet,VT,"[325663, 325728, 325878, 325916]",20.0
com_15124.parquet,VT,[325885],25.0
com_15131.parquet,VT,[325935],15.0
com_15132.parquet,VT,"[325594, 325711]",15.0
com_15133.parquet,VT,"[325600, 325695]",15.0
com_15135.parquet,VT,"[325695, 325769, 326015]",15.0
com_15137.parquet,VT,[325587],15.0
com_15139.parquet,VT,"[325545, 325978]",20.0
com_15142.parquet,VT,[326046],20.0
com_15149.parquet,VT,[],
com_15153.parquet,VT,"[325654, 325658, 325795]",15.0
com_15157.parquet,VT,[325703],45.0
com_15165.parquet,VT,[325867],15.0
com_15170.parquet,VT,[325939],30.0
com_15171.parquet,VT,"[325692, 325984]",15.0
com_15174.parquet,VT,[325984],10.0
com_15177.parquet,VT,[325683],25.0
com_15183.parquet,VT,[325695],20.0
com_15184.parquet,VT,[],
com_15189.parquet,VT,[326002],15.0
com_15192.parquet,VT,[325607],30.0
com_15205.parquet,VT,"[325665, 325684, 325738, 325981]",40.0
com_15207.parquet,VT,"[325711, 326018]",20.0
com_15210.parquet,VT,[325672],20.0
com_15212.parquet,VT,[325567],40.0
com_15215.parquet,VT,"[325626, 325645, 325716]",35.0
com_15221.parquet,VT,"[325549, 325964]",20.0
com_15222.parquet,VT,"[325525, 325600, 325681, 325801, 325866, 325941, 326015, 326030]",20.0
com_15224.parquet,VT,[325519],30.0
com_15225.parquet,VT,[325694],10.0
com_15226.parquet,VT,"[325626, 325716]",50.0
com_15233.parquet,VT,"[325716, 325873]",20.0
com_15234.parquet,VT,"[325617, 325944]",30.0
com_15235.parquet,VT,[325750],20.0
com_15238.parquet,VT,"[325659, 325919]",20.0
com_15242.parquet,VT,[325617],25.0
com_15247.parquet,VT,[325521],30.0
com_15253.parquet,VT,[325676],40.0
com_15263.parquet,VT,[325695],10.0
com_15264.parquet,VT,[325989],35.0
com_15265.parquet,VT,[325796],35.0
com_15266.parquet,VT,"[325663, 325728]",15.0
com_15271.parquet,VT,[325659],10.0
