substation,feeder_name,circuit_folder,mix,season,share_baseline,share_dm,share_un,n_daily_baseline,n_daily_dm,n_daily_un,N_daily_total,n_base_baseline,n_base_dm,n_base_un,N_base_total
uhs0_1247,uhs0_1247--udt12274,uhs0_1247_circuit_1_0,0,summer,0.2,0.0,0.8,53,0,150,203,216,0,1405,1621
uhs0_1247,uhs0_1247--udt12274,uhs0_1247_circuit_1_1,1,summer,0.2,0.6,0.2,40,129,34,203,436,933,252,1621
uhs0_1247,uhs0_1247--udt14717,uhs0_1247_circuit_2_0,0,summer,0.2,0.0,0.8,63,0,229,292,350,0,1475,1825
uhs0_1247,uhs0_1247--udt14717,uhs0_1247_circuit_2_1,1,summer,0.2,0.6,0.2,62,176,54,292,385,1230,210,1825
uhs0_1247,uhs0_1247--udt16115,uhs0_1247_circuit_3_0,0,summer,0.2,0.0,0.8,17,0,83,100,42,0,258,300
uhs0_1247,uhs0_1247--udt16115,uhs0_1247_circuit_3_1,1,summer,0.2,0.6,0.2,18,62,20,100,42,230,28,300
uhs10_1247,uhs10_1247--udt11713,uhs10_1247_circuit_33_0,0,summer,0.2,0.0,0.8,59,0,212,271,342,0,708,1050
uhs10_1247,uhs10_1247--udt11713,uhs10_1247_circuit_33_1,1,summer,0.2,0.6,0.2,46,170,55,271,195,737,118,1050
uhs10_1247,uhs10_1247--udt12084,uhs10_1247_circuit_34_0,0,summer,0.2,0.0,0.8,41,0,195,236,283,0,958,1241
uhs10_1247,uhs10_1247--udt12084,uhs10_1247_circuit_34_1,1,summer,0.2,0.6,0.2,52,134,50,236,245,559,437,1241
uhs10_1247,uhs10_1247--udt13528,uhs10_1247_circuit_35_0,0,summer,0.2,0.0,0.8,30,0,174,204,63,0,523,586
uhs10_1247,uhs10_1247--udt13528,uhs10_1247_circuit_35_1,1,summer,0.2,0.6,0.2,40,127,37,204,87,420,79,586
uhs11_1247,uhs11_1247--udt7105,uhs11_1247_circuit_37_0,0,summer,0.2,0.0,0.8,41,0,158,199,358,0,787,1145
uhs11_1247,uhs11_1247--udt7105,uhs11_1247_circuit_37_1,1,summer,0.2,0.6,0.2,36,123,40,199,221,760,164,1145
uhs11_1247,uhs11_1247--udt8110,uhs11_1247_circuit_38_0,0,summer,0.2,0.0,0.8,45,0,203,248,160,0,1404,1564
uhs11_1247,uhs11_1247--udt8110,uhs11_1247_circuit_38_1,1,summer,0.2,0.6,0.2,53,132,63,248,157,783,624,1564
uhs12_1247,uhs12_1247--udt1278,uhs12_1247_circuit_39_0,0,summer,0.2,0.0,0.8,30,0,189,219,120,0,1746,1866
uhs12_1247,uhs12_1247--udt1278,uhs12_1247_circuit_39_1,1,summer,0.2,0.6,0.2,43,136,40,219,493,1061,312,1866
uhs12_1247,uhs12_1247--udt15482,uhs12_1247_circuit_40_0,0,summer,0.2,0.0,0.8,45,0,184,229,191,0,728,919
uhs12_1247,uhs12_1247--udt15482,uhs12_1247_circuit_40_1,1,summer,0.2,0.6,0.2,43,139,47,229,191,618,110,919
uhs12_1247,uhs12_1247--udt15805,uhs12_1247_circuit_41_0,0,summer,0.2,0.0,0.8,21,0,98,119,50,0,400,450
uhs12_1247,uhs12_1247--udt15805,uhs12_1247_circuit_41_1,1,summer,0.2,0.6,0.2,27,70,22,119,77,193,180,450
uhs12_1247,uhs12_1247--udt17650,uhs12_1247_circuit_42_0,0,summer,0.2,0.0,0.8,46,0,142,188,159,0,1209,1368
uhs12_1247,uhs12_1247--udt17650,uhs12_1247_circuit_42_1,1,summer,0.2,0.6,0.2,39,117,32,188,392,438,538,1368
uhs13_1247,uhs13_1247--udt4015,uhs13_1247_circuit_43_0,0,summer,0.2,0.0,0.8,53,0,229,282,161,0,605,766
uhs13_1247,uhs13_1247--udt4015,uhs13_1247_circuit_43_1,1,summer,0.2,0.6,0.2,56,164,62,282,238,419,109,766
uhs13_1247,uhs13_1247--udt4819,uhs13_1247_circuit_44_0,0,summer,0.2,0.0,0.8,31,0,158,189,280,0,699,979
uhs13_1247,uhs13_1247--udt4819,uhs13_1247_circuit_44_1,1,summer,0.2,0.6,0.2,31,117,41,189,61,747,171,979
uhs14_1247,uhs14_1247--udt11665,uhs14_1247_circuit_45_0,0,summer,0.2,0.0,0.8,46,0,197,243,114,0,623,737
uhs14_1247,uhs14_1247--udt11665,uhs14_1247_circuit_45_1,1,summer,0.2,0.6,0.2,54,146,43,243,132,417,188,737
uhs14_1247,uhs14_1247--udt12226,uhs14_1247_circuit_46_0,0,summer,0.2,0.0,0.8,54,0,183,237,463,0,934,1397
uhs14_1247,uhs14_1247--udt12226,uhs14_1247_circuit_46_1,1,summer,0.2,0.6,0.2,49,143,45,237,418,702,277,1397
uhs14_1247,uhs14_1247--udt5493,uhs14_1247_circuit_47_0,0,summer,0.2,0.0,0.8,39,0,150,189,164,0,815,979
uhs14_1247,uhs14_1247--udt5493,uhs14_1247_circuit_47_1,1,summer,0.2,0.6,0.2,35,112,42,189,165,690,124,979
uhs15_1247,uhs15_1247--udt19670,uhs15_1247_circuit_48_0,0,summer,0.2,0.0,0.8,66,0,241,307,355,0,1529,1884
uhs15_1247,uhs15_1247--udt19670,uhs15_1247_circuit_48_1,1,summer,0.2,0.6,0.2,69,189,49,307,476,1012,396,1884
uhs15_1247,uhs15_1247--udt20824,uhs15_1247_circuit_49_0,0,summer,0.2,0.0,0.8,43,0,174,217,99,0,386,485
uhs15_1247,uhs15_1247--udt20824,uhs15_1247_circuit_49_1,1,summer,0.2,0.6,0.2,46,122,49,217,116,274,95,485
uhs16_1247,uhs16_1247--udt15512,uhs16_1247_circuit_50_0,0,summer,0.2,0.0,0.8,56,0,202,258,198,0,1061,1259
uhs16_1247,uhs16_1247--udt15512,uhs16_1247_circuit_50_1,1,summer,0.2,0.6,0.2,46,168,44,258,169,864,226,1259
uhs16_1247,uhs16_1247--udt310,uhs16_1247_circuit_51_0,0,summer,0.2,0.0,0.8,43,0,176,219,521,0,1196,1717
uhs16_1247,uhs16_1247--udt310,uhs16_1247_circuit_51_1,1,summer,0.2,0.6,0.2,34,141,44,219,197,1270,250,1717
uhs17_1247,uhs17_1247--udt6592,uhs17_1247_circuit_52_0,0,summer,0.2,0.0,0.8,45,0,233,278,452,0,1762,2214
uhs17_1247,uhs17_1247--udt6592,uhs17_1247_circuit_52_1,1,summer,0.2,0.6,0.2,61,157,60,278,453,1473,288,2214
uhs17_1247,uhs17_1247--udt9551,uhs17_1247_circuit_53_0,0,summer,0.2,0.0,0.8,44,0,187,231,79,0,755,834
uhs17_1247,uhs17_1247--udt9551,uhs17_1247_circuit_53_1,1,summer,0.2,0.6,0.2,43,141,47,231,84,572,178,834
uhs18_1247,uhs18_1247--udt11616,uhs18_1247_circuit_54_0,0,summer,0.2,0.0,0.8,65,0,271,336,384,0,1458,1842
uhs18_1247,uhs18_1247--udt11616,uhs18_1247_circuit_54_1,1,summer,0.2,0.6,0.2,68,212,56,336,284,1205,353,1842
uhs18_1247,uhs18_1247--udt13374,uhs18_1247_circuit_55_0,0,summer,0.2,0.0,0.8,32,0,137,169,82,0,480,562
uhs18_1247,uhs18_1247--udt13374,uhs18_1247_circuit_55_1,1,summer,0.2,0.6,0.2,39,94,36,169,87,290,185,562
uhs18_1247,uhs18_1247--udt17294,uhs18_1247_circuit_56_0,0,summer,0.2,0.0,0.8,73,0,286,359,385,0,899,1284
uhs18_1247,uhs18_1247--udt17294,uhs18_1247_circuit_56_1,1,summer,0.2,0.6,0.2,79,211,69,359,259,778,247,1284
uhs19_1247,uhs19_1247--udt15839,uhs19_1247_circuit_57_0,0,summer,0.2,0.0,0.8,2,0,6,8,2,0,6,8
uhs19_1247,uhs19_1247--udt15839,uhs19_1247_circuit_57_1,1,summer,0.2,0.6,0.2,1,5,2,8,1,5,2,8
uhs19_1247,uhs19_1247--udt19872,uhs19_1247_circuit_58_0,0,summer,0.2,0.0,0.8,53,0,166,219,195,0,529,724
uhs19_1247,uhs19_1247--udt19872,uhs19_1247_circuit_58_1,1,summer,0.2,0.6,0.2,42,132,45,219,89,460,175,724
uhs1_1247,uhs1_1247--udt15926,uhs1_1247_circuit_4_0,0,summer,0.2,0.0,0.8,30,0,143,173,327,0,779,1106
uhs1_1247,uhs1_1247--udt15926,uhs1_1247_circuit_4_1,1,summer,0.2,0.6,0.2,37,102,34,173,124,780,202,1106
uhs1_1247,uhs1_1247--udt20176,uhs1_1247_circuit_5_0,0,summer,0.2,0.0,0.8,49,0,231,280,364,0,1830,2194
uhs1_1247,uhs1_1247--udt20176,uhs1_1247_circuit_5_1,1,summer,0.2,0.6,0.2,53,166,61,280,433,1438,323,2194
uhs20_1247,uhs20_1247--udt5173,uhs20_1247_circuit_59_0,0,summer,0.2,0.0,0.8,25,0,144,169,56,0,814,870
uhs20_1247,uhs20_1247--udt5173,uhs20_1247_circuit_59_1,1,summer,0.2,0.6,0.2,37,102,30,169,162,541,167,870
uhs20_1247,uhs20_1247--udt8894,uhs20_1247_circuit_60_0,0,summer,0.2,0.0,0.8,29,0,122,151,76,0,1018,1094
uhs20_1247,uhs20_1247--udt8894,uhs20_1247_circuit_60_1,1,summer,0.2,0.6,0.2,39,88,24,151,326,599,169,1094
uhs20_1247,uhs20_1247--udt9897,uhs20_1247_circuit_61_0,0,summer,0.2,0.0,0.8,30,0,114,144,119,0,296,415
uhs20_1247,uhs20_1247--udt9897,uhs20_1247_circuit_61_1,1,summer,0.2,0.6,0.2,18,88,38,144,48,273,94,415
uhs2_1247,uhs2_1247--udt10746,uhs2_1247_circuit_6_0,0,summer,0.2,0.0,0.8,33,0,126,159,151,0,545,696
uhs2_1247,uhs2_1247--udt10746,uhs2_1247_circuit_6_1,1,summer,0.2,0.6,0.2,41,81,37,159,215,298,183,696
uhs2_1247,uhs2_1247--udt12473,uhs2_1247_circuit_7_0,0,summer,0.2,0.0,0.8,45,0,223,268,185,0,934,1119
uhs2_1247,uhs2_1247--udt12473,uhs2_1247_circuit_7_1,1,summer,0.2,0.6,0.2,45,164,59,268,195,795,129,1119
uhs2_1247,uhs2_1247--udt9312,uhs2_1247_circuit_8_0,0,summer,0.2,0.0,0.8,33,0,123,156,180,0,587,767
uhs2_1247,uhs2_1247--udt9312,uhs2_1247_circuit_8_1,1,summer,0.2,0.6,0.2,33,90,33,156,95,400,272,767
uhs3_1247,uhs3_1247--udt1567,uhs3_1247_circuit_9_0,0,summer,0.2,0.0,0.8,53,0,214,267,122,0,709,831
uhs3_1247,uhs3_1247--udt1567,uhs3_1247_circuit_9_1,1,summer,0.2,0.6,0.2,57,165,45,267,164,483,184,831
uhs3_1247,uhs3_1247--udt1571,uhs3_1247_circuit_10_0,0,summer,0.2,0.0,0.8,48,0,182,230,88,0,393,481
uhs3_1247,uhs3_1247--udt1571,uhs3_1247_circuit_10_1,1,summer,0.2,0.6,0.2,49,126,55,230,117,255,109,481
uhs3_1247,uhs3_1247--udt1582,uhs3_1247_circuit_11_0,0,summer,0.2,0.0,0.8,28,0,121,149,58,0,238,296
uhs3_1247,uhs3_1247--udt1582,uhs3_1247_circuit_11_1,1,summer,0.2,0.6,0.2,27,90,32,149,71,152,73,296
uhs4_1247,uhs4_1247--udt11389,uhs4_1247_circuit_14_0,0,summer,0.2,0.0,0.8,44,0,193,237,119,0,399,518
uhs4_1247,uhs4_1247--udt11389,uhs4_1247_circuit_14_1,1,summer,0.2,0.6,0.2,38,153,46,237,90,303,125,518
uhs4_1247,uhs4_1247--udt12982,uhs4_1247_circuit_15_0,0,summer,0.2,0.0,0.8,23,0,109,132,69,0,195,264
uhs4_1247,uhs4_1247--udt12982,uhs4_1247_circuit_15_1,1,summer,0.2,0.6,0.2,25,82,25,132,61,144,59,264
uhs5_1247,uhs5_1247--udt159,uhs5_1247_circuit_16_0,0,summer,0.2,0.0,0.8,20,0,111,131,117,0,679,796
uhs5_1247,uhs5_1247--udt159,uhs5_1247_circuit_16_1,1,summer,0.2,0.6,0.2,18,88,25,131,170,433,193,796
uhs5_1247,uhs5_1247--udt18558,uhs5_1247_circuit_17_0,0,summer,0.2,0.0,0.8,48,0,155,203,200,0,721,921
uhs5_1247,uhs5_1247--udt18558,uhs5_1247_circuit_17_1,1,summer,0.2,0.6,0.2,42,127,34,203,174,548,199,921
uhs5_1247,uhs5_1247--udt19869,uhs5_1247_circuit_18_0,0,summer,0.2,0.0,0.8,57,0,222,279,199,0,954,1153
uhs5_1247,uhs5_1247--udt19869,uhs5_1247_circuit_18_1,1,summer,0.2,0.6,0.2,46,171,62,279,304,690,159,1153
uhs5_1247,uhs5_1247--udt20368,uhs5_1247_circuit_19_0,0,summer,0.2,0.0,0.8,45,0,147,192,137,0,344,481
uhs5_1247,uhs5_1247--udt20368,uhs5_1247_circuit_19_1,1,summer,0.2,0.6,0.2,45,119,28,192,105,281,95,481
uhs6_1247,uhs6_1247--udt10788,uhs6_1247_circuit_20_0,0,summer,0.2,0.0,0.8,22,0,146,168,113,0,943,1056
uhs6_1247,uhs6_1247--udt10788,uhs6_1247_circuit_20_1,1,summer,0.2,0.6,0.2,26,116,26,168,126,693,237,1056
uhs6_1247,uhs6_1247--udt6570,uhs6_1247_circuit_21_0,0,summer,0.2,0.0,0.8,35,0,161,196,315,0,1602,1917
uhs6_1247,uhs6_1247--udt6570,uhs6_1247_circuit_21_1,1,summer,0.2,0.6,0.2,48,106,42,196,361,1153,403,1917
uhs6_1247,uhs6_1247--udt9964,uhs6_1247_circuit_22_0,0,summer,0.2,0.0,0.8,27,0,138,165,228,0,1652,1880
uhs6_1247,uhs6_1247--udt9964,uhs6_1247_circuit_22_1,1,summer,0.2,0.6,0.2,34,93,38,165,299,1368,213,1880
uhs7_1247,uhs7_1247--udt15849,uhs7_1247_circuit_23_0,0,summer,0.2,0.0,0.8,28,0,115,143,232,0,323,555
uhs7_1247,uhs7_1247--udt15849,uhs7_1247_circuit_23_1,1,summer,0.2,0.6,0.2,22,87,34,143,79,336,140,555
uhs7_1247,uhs7_1247--udt9662,uhs7_1247_circuit_24_0,0,summer,0.2,0.0,0.8,57,0,227,284,314,0,1405,1719
uhs7_1247,uhs7_1247--udt9662,uhs7_1247_circuit_24_1,1,summer,0.2,0.6,0.2,57,179,48,284,617,909,193,1719
uhs7_1247,uhs7_1247--udt9675,uhs7_1247_circuit_25_0,0,summer,0.2,0.0,0.8,49,0,209,258,804,0,1179,1983
uhs7_1247,uhs7_1247--udt9675,uhs7_1247_circuit_25_1,1,summer,0.2,0.6,0.2,45,164,49,258,262,1403,318,1983
uhs8_1247,uhs8_1247--udt12494,uhs8_1247_circuit_26_0,0,summer,0.2,0.0,0.8,54,0,174,228,328,0,1101,1429
uhs8_1247,uhs8_1247--udt12494,uhs8_1247_circuit_26_1,1,summer,0.2,0.6,0.2,54,128,46,228,410,803,216,1429
uhs8_1247,uhs8_1247--udt7252,uhs8_1247_circuit_27_0,0,summer,0.2,0.0,0.8,56,0,187,243,145,0,790,935
uhs8_1247,uhs8_1247--udt7252,uhs8_1247_circuit_27_1,1,summer,0.2,0.6,0.2,47,146,50,243,143,556,236,935
uhs9_1247,uhs9_1247--udt11456,uhs9_1247_circuit_28_0,0,summer,0.2,0.0,0.8,29,0,93,122,96,0,434,530
uhs9_1247,uhs9_1247--udt11456,uhs9_1247_circuit_28_1,1,summer,0.2,0.6,0.2,28,66,28,122,154,300,76,530
uhs9_1247,uhs9_1247--udt13714,uhs9_1247_circuit_29_0,0,summer,0.2,0.0,0.8,5,0,28,33,5,0,56,61
uhs9_1247,uhs9_1247--udt13714,uhs9_1247_circuit_29_1,1,summer,0.2,0.6,0.2,6,18,9,33,6,39,16,61
uhs9_1247,uhs9_1247--udt14110,uhs9_1247_circuit_30_0,0,summer,0.2,0.0,0.8,55,0,232,287,306,0,786,1092
uhs9_1247,uhs9_1247--udt14110,uhs9_1247_circuit_30_1,1,summer,0.2,0.6,0.2,57,162,68,287,211,669,212,1092
uhs9_1247,uhs9_1247--udt16813,uhs9_1247_circuit_31_0,0,summer,0.2,0.0,0.8,17,0,92,109,40,0,309,349
uhs9_1247,uhs9_1247--udt16813,uhs9_1247_circuit_31_1,1,summer,0.2,0.6,0.2,24,59,26,109,100,184,65,349
uhs9_1247,uhs9_1247--udt2508,uhs9_1247_circuit_32_0,0,summer,0.2,0.0,0.8,57,0,223,280,294,0,1134,1428
uhs9_1247,uhs9_1247--udt2508,uhs9_1247_circuit_32_1,1,summer,0.2,0.6,0.2,47,177,56,280,199,983,246,1428
