hour, t(sec), V1, VAngle1, V2, VAngle2, V3, VAngle3, I1, IAngle1, I2, IAngle2, I3, IAngle3
0, 900.00000, 7415.54, -3.22813E-005, 7415.54, -120, 7415.54, 120, 600.924, -15.5329, 541.565, -134.032, 562.307, 105.304
0, 1800.00000, 7415.54, -3.00884E-005, 7415.54, -120, 7415.54, 120, 551.557, -15.0287, 504.386, -133.447, 512.042, 105.722
0, 2700.00000, 7415.54, -2.8835E-005, 7415.54, -120, 7415.54, 120, 526.214, -14.8791, 485.683, -133.368, 489.086, 106.106
1, 0.00000, 7415.54, -2.75236E-005, 7415.54, -120, 7415.54, 120, 502.921, -14.9202, 461.262, -133.561, 466.33, 106.248
1, 900.00000, 7415.54, -2.63645E-005, 7415.54, -120, 7415.54, 120, 482.139, -14.9466, 448.513, -133.354, 453.94, 106.063
1, 1800.00000, 7415.54, -2.41625E-005, 7415.54, -120, 7415.54, 120, 448.137, -15.4069, 414.922, -133.614, 420.367, 105.749
1, 2700.00000, 7415.54, -2.36293E-005, 7415.54, -120, 7415.54, 120, 442.178, -15.6951, 409.977, -134.025, 410.737, 105.398
2, 0.00000, 7415.54, -2.33336E-005, 7415.54, -120, 7415.54, 120, 423.372, -14.6815, 377.317, -132.987, 388.815, 106.29
2, 900.00000, 7415.54, -2.21701E-005, 7415.54, -120, 7415.54, 120, 399.651, -14.4609, 356.732, -132.443, 368.858, 106.566
2, 1800.00000, 7415.54, -2.14471E-005, 7415.54, -120, 7415.54, 120, 384.844, -14.304, 337.736, -132.322, 344.559, 106.611
2, 2700.00000, 7415.54, -2.07467E-005, 7415.54, -120, 7415.54, 120, 370.072, -14.1001, 321.017, -131.958, 330.66, 106.909
3, 0.00000, 7415.54, -1.98523E-005, 7415.54, -120, 7415.54, 120, 349.93, -13.6875, 303.32, -131.74, 315.155, 107.195
3, 900.00000, 7415.54, -1.93483E-005, 7415.54, -120, 7415.54, 120, 341.628, -13.7458, 299.283, -131.911, 311.47, 107.283
3, 1800.00000, 7415.54, -1.89594E-005, 7415.54, -120, 7415.54, 120, 330.797, -13.3275, 285.723, -131.698, 299.005, 107.595
3, 2700.00000, 7415.54, -1.79415E-005, 7415.54, -120, 7415.54, 120, 322.076, -14.3124, 281.025, -132.828, 291.589, 106.29
4, 0.00000, 7415.54, -1.7897E-005, 7415.54, -120, 7415.54, 120, 320.76, -14.2575, 279.558, -132.745, 294.405, 106.372
4, 900.00000, 7415.54, -1.80385E-005, 7415.54, -120, 7415.54, 120, 315.087, -13.3658, 274.633, -131.762, 288.992, 107.254
4, 1800.00000, 7415.54, -1.75943E-005, 7415.54, -120, 7415.54, 120, 302.189, -12.7626, 266.158, -131.047, 276.192, 107.937
4, 2700.00000, 7415.54, -1.75998E-005, 7415.54, -120, 7415.54, 120, 298.249, -12.2726, 260.866, -130.571, 274.352, 108.545
5, 0.00000, 7415.54, -1.73076E-005, 7415.54, -120, 7415.54, 120, 291.705, -12.0705, 255.857, -130.312, 267.654, 108.737
5, 900.00000, 7415.54, -1.73268E-005, 7415.54, -120, 7415.54, 120, 289.557, -11.7533, 254.008, -130.053, 263.17, 109.131
5, 1800.00000, 7415.54, -1.78456E-005, 7415.54, -120, 7415.54, 120, 298.066, -11.7343, 264.787, -130.369, 277.047, 108.905
5, 2700.00000, 7415.54, -1.75787E-005, 7415.54, -120, 7415.54, 120, 290.651, -11.3505, 258.177, -130.141, 270.223, 109.163
6, 0.00000, 7415.54, -1.76946E-005, 7415.54, -120, 7415.54, 120, 289.366, -10.9278, 261.808, -129.899, 265.459, 109.613
6, 900.00000, 7415.54, -1.75444E-005, 7415.54, -120, 7415.54, 120, 289.269, -11.2428, 258.665, -129.9, 271.455, 109.229
6, 1800.00000, 7415.54, -1.73248E-005, 7415.54, -120, 7415.54, 120, 296.212, -12.5973, 262.249, -131.419, 272.952, 107.816
6, 2700.00000, 7415.54, -1.78984E-005, 7415.54, -120, 7415.54, 120, 308.367, -12.8752, 271.475, -131.692, 278.738, 107.801
7, 0.00000, 7415.54, -1.8657E-005, 7415.54, -120, 7415.54, 120, 312.814, -11.8795, 270.085, -130.431, 282.99, 108.851
7, 900.00000, 7415.54, -1.83585E-005, 7415.54, -120, 7415.54, 120, 304.624, -11.4873, 263.409, -130.461, 276.521, 108.934
7, 1800.00000, 7415.54, -2.10863E-005, 7415.54, -120, 7415.54, 120, 360.048, -12.5565, 323.382, -131.514, 323.711, 107.962
7, 2700.00000, 7415.54, -2.2197E-005, 7415.54, -120, 7415.54, 120, 366.414, -11.297, 327.182, -130.417, 325.809, 109.001
8, 0.00000, 7415.54, -2.19919E-005, 7415.54, -120, 7415.54, 120, 364.656, -11.467, 329.007, -130.664, 325.414, 108.683
8, 900.00000, 7415.54, -2.24097E-005, 7415.54, -120, 7415.54, 120, 371.066, -11.4146, 328.373, -130.592, 326.719, 108.98
8, 1800.00000, 7415.54, -2.28944E-005, 7415.54, -120, 7415.54, 120, 373.651, -10.8595, 326.841, -130.125, 321.367, 109.467
8, 2700.00000, 7415.54, -2.14147E-005, 7415.54, -120, 7415.54, 120, 352.651, -11.2037, 314.522, -130.415, 309.263, 108.981
9, 0.00000, 7415.54, -2.32424E-005, 7415.54, -120, 7415.54, 120, 390.295, -11.9445, 346.208, -131.26, 344.096, 108.091
9, 900.00000, 7415.54, -2.49082E-005, 7415.54, -120, 7415.54, 120, 420.752, -12.1666, 371.488, -131.25, 380.689, 107.827
9, 1800.00000, 7415.54, -2.57317E-005, 7415.54, -120, 7415.54, 120, 441.021, -12.6989, 395.363, -131.826, 396.763, 107.301
9, 2700.00000, 7415.54, -2.8701E-005, 7415.54, -120, 7415.54, 120, 498.011, -13.1442, 449.493, -132.5, 456.175, 106.536
10, 0.00000, 7415.54, -3.03293E-005, 7415.54, -120, 7415.54, 120, 526.656, -13.1719, 479.05, -132.505, 486.794, 106.516
10, 900.00000, 7415.54, -3.05472E-005, 7415.54, -120, 7415.54, 120, 551.926, -14.5464, 497.199, -133.805, 511.005, 105.284
10, 1800.00000, 7415.54, -2.95882E-005, 7415.54, -120, 7415.54, 120, 527.619, -14.0991, 475.929, -133.387, 468.027, 105.889
10, 2700.00000, 7415.54, -3.13028E-005, 7415.54, -120, 7415.54, 120, 549.641, -13.5652, 498.017, -132.788, 490.447, 106.413
11, 0.00000, 7415.54, -3.09516E-005, 7415.54, -120, 7415.54, 120, 547.851, -13.8443, 502.53, -133.28, 497.975, 106.043
11, 900.00000, 7415.54, -3.1461E-005, 7415.54, -120, 7415.54, 120, 556.652, -13.8312, 512.281, -133.386, 504.793, 106.002
11, 1800.00000, 7415.54, -3.30682E-005, 7415.54, -120, 7415.54, 120, 578.263, -13.4223, 527.017, -132.675, 531.982, 106.631
11, 2700.00000, 7415.54, -3.36971E-005, 7415.54, -120, 7415.54, 120, 603.867, -14.2707, 552.334, -133.714, 558.025, 105.58
12, 0.00000, 7415.54, -3.48701E-005, 7415.54, -120, 7415.54, 120, 631.225, -14.6128, 582.589, -133.977, 587.939, 105.299
12, 900.00000, 7415.54, -3.66336E-005, 7415.54, -120, 7415.54, 120, 648.869, -13.8714, 596.382, -133.136, 600.549, 106.146
12, 1800.00000, 7415.54, -3.71729E-005, 7415.54, -120, 7415.54, 120, 682.156, -15.0682, 627.251, -134.362, 639.972, 104.946
12, 2700.00000, 7415.54, -3.70235E-005, 7415.54, -120, 7415.54, 120, 679.442, -15.0694, 633.08, -134.451, 626.52, 104.993
13, 0.00000, 7415.54, -3.77912E-005, 7415.54, -120, 7415.54, 120, 696.985, -15.2331, 647.353, -134.679, 649.944, 104.795
13, 900.00000, 7415.54, -3.89894E-005, 7415.54, -120, 7415.54, 120, 721.596, -15.3477, 663.207, -134.781, 668.594, 104.746
13, 1800.00000, 7415.54, -3.95656E-005, 7415.54, -120, 7415.54, 120, 739.97, -15.6872, 675.895, -135.023, 687.92, 104.383
13, 2700.00000, 7415.54, -4.15458E-005, 7415.54, -120, 7415.54, 120, 760.352, -14.9809, 694.254, -134.285, 702.073, 105.122
14, 0.00000, 7415.53, -4.20244E-005, 7415.54, -120, 7415.54, 120, 806.775, -16.5149, 740.19, -136.062, 748.296, 103.381
14, 900.00000, 7415.53, -4.2003E-005, 7415.54, -120, 7415.54, 120, 808.854, -16.6106, 740.854, -136.168, 748.086, 103.345
14, 1800.00000, 7415.53, -4.2371E-005, 7415.54, -120, 7415.54, 120, 794.865, -15.7865, 723.95, -135.45, 735.061, 104.182
14, 2700.00000, 7415.53, -4.25863E-005, 7415.54, -120, 7415.54, 120, 820.652, -16.6322, 747.145, -136.268, 756.825, 103.271
15, 0.00000, 7415.53, -4.28544E-005, 7415.54, -120, 7415.54, 120, 826.743, -16.6668, 761.565, -136.328, 759.785, 103.31
15, 900.00000, 7415.53, -4.35912E-005, 7415.54, -120, 7415.54, 120, 830.591, -16.2808, 760.954, -135.887, 769.256, 103.716
15, 1800.00000, 7415.53, -4.40971E-005, 7415.53, -120, 7415.53, 120, 860.104, -17.0038, 779.259, -136.594, 791.55, 103.053
15, 2700.00000, 7415.53, -4.46836E-005, 7415.53, -120, 7415.53, 120, 872.225, -17.0278, 794.619, -136.559, 808.249, 103.138
16, 0.00000, 7415.53, -4.57422E-005, 7415.53, -120, 7415.53, 120, 875.514, -16.4225, 795.43, -135.926, 803.738, 103.821
16, 900.00000, 7415.53, -4.40348E-005, 7415.54, -120, 7415.53, 120, 851.806, -16.7503, 767.346, -136.412, 778.584, 103.409
16, 1800.00000, 7415.53, -4.21627E-005, 7415.54, -120, 7415.54, 120, 802.143, -16.2322, 724.518, -135.83, 729.985, 104.003
16, 2700.00000, 7415.53, -4.20892E-005, 7415.54, -120, 7415.54, 120, 788.849, -15.7567, 711, -135.321, 720.255, 104.349
17, 0.00000, 7415.53, -4.27855E-005, 7415.54, -120, 7415.54, 120, 811.003, -16.1164, 728.461, -135.722, 749.48, 104.03
17, 900.00000, 7415.53, -4.36454E-005, 7415.54, -120, 7415.54, 120, 819.088, -15.7992, 740.413, -135.405, 747.203, 104.449
17, 1800.00000, 7415.53, -4.4736E-005, 7415.54, -120, 7415.54, 120, 831.268, -15.4798, 754.011, -134.922, 764.057, 104.902
17, 2700.00000, 7415.53, -4.49129E-005, 7415.54, -120, 7415.54, 120, 835.293, -15.5086, 755.885, -134.99, 776.076, 104.746
18, 0.00000, 7415.53, -4.57429E-005, 7415.54, -120, 7415.54, 120, 855.14, -15.6758, 770.395, -134.961, 787.904, 104.726
18, 900.00000, 7415.53, -4.69173E-005, 7415.54, -120, 7415.53, 120, 870.043, -15.415, 782.437, -134.909, 791.701, 104.834
18, 1800.00000, 7415.53, -4.83572E-005, 7415.53, -120, 7415.53, 120, 912.47, -15.9744, 815.206, -135.345, 823.023, 104.173
18, 2700.00000, 7415.53, -4.7725E-005, 7415.53, -120, 7415.53, 120, 897.363, -15.8616, 814.133, -135.236, 813.191, 104.53
19, 0.00000, 7415.53, -4.72839E-005, 7415.53, -120, 7415.53, 120, 874.193, -15.3164, 810.624, -134.598, 792.546, 105.032
19, 900.00000, 7415.53, -4.62835E-005, 7415.54, -120, 7415.54, 120, 851.963, -15.1729, 786.484, -134.434, 770.748, 105.184
19, 1800.00000, 7415.53, -4.67716E-005, 7415.54, -120, 7415.54, 120, 851.773, -14.8186, 784.249, -134.095, 775.325, 105.571
19, 2700.00000, 7415.53, -4.73264E-005, 7415.54, -120, 7415.54, 120, 858.547, -14.6895, 785.346, -133.929, 777.934, 105.743
20, 0.00000, 7415.53, -4.71042E-005, 7415.54, -120, 7415.54, 120, 858.64, -14.8501, 785.494, -133.937, 787.659, 105.71
20, 900.00000, 7415.53, -4.67782E-005, 7415.54, -120, 7415.54, 120, 853.988, -14.9003, 790.031, -133.944, 781.808, 105.589
20, 1800.00000, 7415.53, -4.65056E-005, 7415.54, -120, 7415.54, 120, 824.722, -13.9171, 754.926, -133.228, 748.397, 106.389
20, 2700.00000, 7415.53, -4.60903E-005, 7415.54, -120, 7415.54, 120, 811.702, -13.6761, 733.046, -133.101, 739.298, 106.598
21, 0.00000, 7415.53, -4.52343E-005, 7415.54, -120, 7415.54, 120, 804.711, -14.0254, 722.664, -133.366, 736.724, 106.25
21, 900.00000, 7415.53, -4.54394E-005, 7415.54, -120, 7415.54, 120, 806.465, -13.9447, 722.816, -133.176, 727.812, 106.49
21, 1800.00000, 7415.53, -4.47329E-005, 7415.54, -120, 7415.54, 120, 800.264, -14.2173, 713.181, -133.352, 722.148, 106.207
21, 2700.00000, 7415.54, -4.31327E-005, 7415.54, -120, 7415.54, 120, 777.065, -14.4549, 689.672, -133.602, 692.55, 105.976
22, 0.00000, 7415.54, -4.18878E-005, 7415.54, -120, 7415.54, 120, 760.117, -14.6979, 670.549, -133.792, 677.234, 105.739
22, 900.00000, 7415.54, -4.23567E-005, 7415.54, -120, 7415.54, 120, 761.853, -14.3999, 667.026, -133.587, 661.266, 105.809
22, 1800.00000, 7415.54, -3.98577E-005, 7415.54, -120, 7415.54, 120, 721.065, -14.5942, 616.049, -134.041, 641.943, 105.58
22, 2700.00000, 7415.54, -4.05194E-005, 7415.54, -120, 7415.54, 120, 726.91, -14.3108, 635.552, -133.685, 656.645, 105.876
23, 0.00000, 7415.54, -3.84431E-005, 7415.54, -120, 7415.54, 120, 694.719, -14.5571, 633.394, -133.49, 636.279, 105.957
23, 900.00000, 7415.54, -3.70182E-005, 7415.54, -120, 7415.54, 120, 676.108, -14.9114, 598.843, -134.035, 609.097, 105.369
23, 1800.00000, 7415.54, -3.63585E-005, 7415.54, -120, 7415.54, 120, 669.302, -15.1707, 584.535, -134.427, 615.937, 105.063
23, 2700.00000, 7415.54, -3.5317E-005, 7415.54, -120, 7415.54, 120, 644.711, -14.8938, 573.93, -133.776, 595.392, 105.66
24, 0.00000, 7415.54, -3.33905E-005, 7415.54, -120, 7415.54, 120, 610.629, -14.9518, 553.634, -133.651, 564.31, 105.502
