Season,Feeder,Mix,Difference in Max. P 3ph (kW)
summer,circuit_61,10,-319.868378501
summer,circuit_60,10,-901.923855937
summer,circuit_59,10,-660.442295688
summer,circuit_58,10,-814.319374738
summer,circuit_57,10,14.001085842
summer,circuit_56,10,-1266.503743856
summer,circuit_55,10,-431.318416675
summer,circuit_54,10,-1581.964573641
summer,circuit_53,10,-753.714073607
summer,circuit_52,10,-1174.548001421
summer,circuit_51,10,-299.177472382
summer,circuit_50,10,-845.504917864
summer,circuit_49,10,-823.104100205
summer,circuit_48,10,-1881.125856157
summer,circuit_47,10,-1335.984597991
summer,circuit_46,10,-1013.204062716
summer,circuit_45,10,-727.708417712
summer,circuit_44,10,-675.120048047
summer,circuit_43,10,-1863.105003118
summer,circuit_42,10,-959.286826795
summer,circuit_41,10,-441.135883748
summer,circuit_40,10,-778.541157822
summer,circuit_39,10,-1192.717046803
summer,circuit_38,10,-100.533665119
summer,circuit_37,10,-662.182210361
summer,circuit_35,10,-548.320014992
summer,circuit_34,10,-1411.618777436
summer,circuit_33,10,-1085.662752964
summer,circuit_32,10,-771.458354840
summer,circuit_31,10,-176.431740250
summer,circuit_30,10,-719.028510995
summer,circuit_29,10,-156.683370197
summer,circuit_28,10,-390.544829510
summer,circuit_27,10,-923.977003358
summer,circuit_26,10,-1007.490653280
summer,circuit_25,10,-1658.861997989
summer,circuit_24,10,-1418.940999259
summer,circuit_23,10,-717.320149703
summer,circuit_22,10,-884.608848227
summer,circuit_21,10,-778.289053344
summer,circuit_20,10,-542.870443038
summer,circuit_19,10,-702.801218757
summer,circuit_18,10,-1061.691015737
summer,circuit_17,10,-850.762030960
summer,circuit_16,10,-405.399116831
summer,circuit_15,10,-455.427215657
summer,circuit_14,10,-1389.783239021
summer,circuit_11,10,-803.243115547
summer,circuit_10,10,-574.813404938
summer,circuit_9,10,-956.824261744
summer,circuit_8,10,-271.403327474
summer,circuit_7,10,-857.919187383
summer,circuit_6,10,-201.199866390
summer,circuit_5,10,-994.711523610
summer,circuit_4,10,-736.974879963
summer,circuit_3,10,-149.332077342
summer,circuit_2,10,-1508.013201940
summer,circuit_1,10,-1421.058746018
summer,circuit_61,9,-202.276498835
summer,circuit_60,9,-179.433830438
summer,circuit_59,9,-321.628633461
summer,circuit_58,9,-475.124539166
summer,circuit_57,9,24.460473016
summer,circuit_56,9,-392.481061319
summer,circuit_55,9,-175.646323905
summer,circuit_54,9,-969.665402979
summer,circuit_53,9,-550.990886783
summer,circuit_52,9,106.418261424
summer,circuit_51,9,-133.362039238
summer,circuit_50,9,-736.852397725
summer,circuit_49,9,-463.159729022
summer,circuit_48,9,-1237.925376390
summer,circuit_47,9,-878.787807420
summer,circuit_46,9,-378.143392931
summer,circuit_45,9,-424.196824426
summer,circuit_44,9,-360.957458760
summer,circuit_43,9,-510.134621388
summer,circuit_42,9,-621.823952218
summer,circuit_41,9,-328.597431770
summer,circuit_40,9,-338.431404230
summer,circuit_39,9,-1124.054818860
summer,circuit_38,9,447.520503300
summer,circuit_37,9,-358.468089834
summer,circuit_35,9,-340.908753598
summer,circuit_34,9,-549.754666053
summer,circuit_33,9,-590.413439664
summer,circuit_32,9,-482.885321448
summer,circuit_31,9,-66.261507792
summer,circuit_30,9,-277.745134947
summer,circuit_29,9,-75.436004065
summer,circuit_28,9,-243.165509048
summer,circuit_27,9,-209.062702962
summer,circuit_26,9,-395.494484686
summer,circuit_25,9,-1113.268152368
summer,circuit_24,9,-783.560496839
summer,circuit_23,9,-594.498205668
summer,circuit_22,9,-143.836407122
summer,circuit_21,9,-303.146447014
summer,circuit_20,9,-419.920114996
summer,circuit_19,9,-420.095004588
summer,circuit_18,9,-426.209720071
summer,circuit_17,9,294.371524349
summer,circuit_16,9,2.026805359
summer,circuit_15,9,-204.579778560
summer,circuit_14,9,-984.975641886
summer,circuit_11,9,-546.156115085
summer,circuit_10,9,-80.255089915
summer,circuit_9,9,-579.467909675
summer,circuit_8,9,-136.364533771
summer,circuit_7,9,-269.780524154
summer,circuit_6,9,-153.138444484
summer,circuit_5,9,-619.639622825
summer,circuit_4,9,-447.926919473
summer,circuit_3,9,-123.488762079
summer,circuit_2,9,-762.016027431
summer,circuit_1,9,-701.099759744
summer,circuit_61,8,-277.550563320
summer,circuit_60,8,-596.560638197
summer,circuit_59,8,-354.861609222
summer,circuit_58,8,-661.222585943
summer,circuit_57,8,32.404111856
summer,circuit_56,8,-912.310405759
summer,circuit_55,8,-285.774403180
summer,circuit_54,8,-1030.168232141
summer,circuit_53,8,-591.274028610
summer,circuit_52,8,-413.608509597
summer,circuit_51,8,7.827681559
summer,circuit_50,8,-1542.278860323
summer,circuit_49,8,-760.577125179
summer,circuit_48,8,-1411.161169693
summer,circuit_47,8,-1572.171087831
summer,circuit_46,8,-771.421574272
summer,circuit_45,8,-828.895236303
summer,circuit_44,8,-572.543234792
summer,circuit_43,8,-2563.170042329
summer,circuit_42,8,-376.988980457
summer,circuit_41,8,-355.807170454
summer,circuit_40,8,-490.836265558
summer,circuit_39,8,-569.999183763
summer,circuit_38,8,477.229275950
summer,circuit_37,8,-436.289495403
summer,circuit_35,8,-1041.480801910
summer,circuit_34,8,-919.958858506
summer,circuit_33,8,-898.799039649
summer,circuit_32,8,-556.443125998
summer,circuit_31,8,-582.299054361
summer,circuit_30,8,-500.894286040
summer,circuit_29,8,-109.887709874
summer,circuit_28,8,-227.380312864
summer,circuit_27,8,-813.304099132
summer,circuit_26,8,388.784310145
summer,circuit_25,8,-1001.029797036
summer,circuit_24,8,-1104.924847594
summer,circuit_23,8,-678.342034507
summer,circuit_22,8,-429.275487435
summer,circuit_21,8,-260.980455930
summer,circuit_20,8,-208.538967833
summer,circuit_19,8,-513.586612014
summer,circuit_18,8,-923.703073682
summer,circuit_17,8,-627.526402238
summer,circuit_16,8,-68.970001049
summer,circuit_15,8,-469.202326774
summer,circuit_14,8,-1333.411869450
summer,circuit_11,8,-848.240090267
summer,circuit_10,8,-613.232328830
summer,circuit_9,8,-771.280568637
summer,circuit_8,8,-151.649635902
summer,circuit_7,8,-381.833490447
summer,circuit_6,8,-114.881412315
summer,circuit_5,8,-379.989949600
summer,circuit_4,8,-628.820677751
summer,circuit_3,8,-187.412197797
summer,circuit_2,8,-1486.634325395
summer,circuit_1,8,-770.742792962
summer,circuit_61,7,-153.140010789
summer,circuit_60,7,-414.382168501
summer,circuit_59,7,-352.460730612
summer,circuit_58,7,-642.115763068
summer,circuit_57,7,32.270619342
summer,circuit_56,7,-731.619012031
summer,circuit_55,7,-278.204820727
summer,circuit_54,7,-1106.852058562
summer,circuit_53,7,-342.903393572
summer,circuit_52,7,71.004762683
summer,circuit_51,7,146.959247514
summer,circuit_50,7,-1208.722811664
summer,circuit_49,7,-727.683237809
summer,circuit_48,7,-1382.144752306
summer,circuit_47,7,-1599.827293940
summer,circuit_46,7,-709.658384417
summer,circuit_45,7,-517.573740640
summer,circuit_44,7,-845.815724150
summer,circuit_43,7,-834.601326504
summer,circuit_42,7,-417.936922530
summer,circuit_41,7,-272.511282151
summer,circuit_40,7,-488.359266746
summer,circuit_39,7,-255.575946482
summer,circuit_38,7,250.587418463
summer,circuit_37,7,-378.911800497
summer,circuit_35,7,-544.349755566
summer,circuit_34,7,-1024.637805720
summer,circuit_33,7,-716.045856587
summer,circuit_32,7,-510.502535530
summer,circuit_31,7,-594.012681186
summer,circuit_30,7,-410.619911393
summer,circuit_29,7,-112.125729519
summer,circuit_28,7,-252.798393603
summer,circuit_27,7,-761.834920820
summer,circuit_26,7,-628.802311815
summer,circuit_25,7,-1483.251499901
summer,circuit_24,7,-1054.547530826
summer,circuit_23,7,-544.997495427
summer,circuit_22,7,-203.523328277
summer,circuit_21,7,-67.957795677
summer,circuit_20,7,-156.669071748
summer,circuit_19,7,-578.928417591
summer,circuit_18,7,-661.911088567
summer,circuit_17,7,-494.015540037
summer,circuit_16,7,-95.722026549
summer,circuit_15,7,-460.558683793
summer,circuit_14,7,-942.404071100
summer,circuit_11,7,-1480.723918938
summer,circuit_10,7,-364.039639510
summer,circuit_9,7,-659.892175372
summer,circuit_8,7,-64.196667011
summer,circuit_7,7,-323.552038327
summer,circuit_6,7,-20.477555512
summer,circuit_5,7,-384.523531832
summer,circuit_4,7,-585.656044689
summer,circuit_3,7,-133.317366264
summer,circuit_2,7,-969.990340733
summer,circuit_1,7,-733.233669695
summer,circuit_61,6,11.211638744
summer,circuit_60,6,151.180621456
summer,circuit_59,6,107.568059569
summer,circuit_58,6,14.108760866
summer,circuit_57,6,43.739410844
summer,circuit_56,6,217.526811686
summer,circuit_55,6,26.179085760
summer,circuit_54,6,281.005463511
summer,circuit_53,6,137.140258213
summer,circuit_52,6,160.549270133
summer,circuit_51,6,442.643553201
summer,circuit_50,6,-61.954120153
summer,circuit_49,6,54.341632624
summer,circuit_48,6,98.012069875
summer,circuit_47,6,-227.575842661
summer,circuit_46,6,205.086168828
summer,circuit_45,6,-5.230513957
summer,circuit_44,6,-15.523965745
summer,circuit_43,6,134.763518640
summer,circuit_42,6,352.961176416
summer,circuit_41,6,22.438484543
summer,circuit_40,6,89.065605270
summer,circuit_39,6,258.267259489
summer,circuit_38,6,211.999292164
summer,circuit_37,6,416.763610867
summer,circuit_35,6,164.734484672
summer,circuit_34,6,-99.571746972
summer,circuit_33,6,-294.109539167
summer,circuit_32,6,383.651557301
summer,circuit_31,6,-413.625603819
summer,circuit_30,6,293.208671908
summer,circuit_29,6,-85.153546357
summer,circuit_28,6,-314.875457399
summer,circuit_27,6,-36.487810320
summer,circuit_26,6,1285.413267241
summer,circuit_25,6,193.173186844
summer,circuit_24,6,264.029690970
summer,circuit_23,6,102.524186224
summer,circuit_22,6,1158.308727245
summer,circuit_21,6,1069.530962414
summer,circuit_20,6,184.945290041
summer,circuit_19,6,73.962125811
summer,circuit_18,6,84.410749546
summer,circuit_17,6,268.951027823
summer,circuit_16,6,433.809258416
summer,circuit_15,6,-9.654972050
summer,circuit_14,6,-2.636281947
summer,circuit_11,6,-291.950243761
summer,circuit_10,6,252.063981322
summer,circuit_9,6,46.215642918
summer,circuit_8,6,361.363968220
summer,circuit_7,6,248.656159229
summer,circuit_6,6,377.933141781
summer,circuit_5,6,808.702425458
summer,circuit_4,6,250.287606918
summer,circuit_3,6,-493.754127678
summer,circuit_2,6,390.104708113
summer,circuit_1,6,61.178552998
summer,circuit_61,5,-279.345697881
summer,circuit_60,5,-678.414178969
summer,circuit_59,5,-413.966716238
summer,circuit_58,5,-529.019851271
summer,circuit_57,5,9.545101027
summer,circuit_56,5,-796.064112871
summer,circuit_55,5,-299.530613687
summer,circuit_54,5,-1186.551044708
summer,circuit_53,5,-603.539043252
summer,circuit_52,5,-1062.969143115
summer,circuit_51,5,-284.717664613
summer,circuit_50,5,-830.158233687
summer,circuit_49,5,-647.967954006
summer,circuit_48,5,-1287.524842919
summer,circuit_47,5,-567.346976724
summer,circuit_46,5,-615.399933082
summer,circuit_45,5,-784.675601796
summer,circuit_44,5,-432.010806360
summer,circuit_43,5,-820.062469056
summer,circuit_42,5,-525.246153902
summer,circuit_41,5,-356.153330619
summer,circuit_40,5,-464.238696098
summer,circuit_39,5,-1250.929289413
summer,circuit_38,5,-82.695688948
summer,circuit_37,5,-646.344281486
summer,circuit_35,5,-462.256037607
summer,circuit_34,5,-1082.086203933
summer,circuit_33,5,-830.992696834
summer,circuit_32,5,-799.569173541
summer,circuit_31,5,-84.366286384
summer,circuit_30,5,-484.247540179
summer,circuit_29,5,-113.652613593
summer,circuit_28,5,-207.537314389
summer,circuit_27,5,-630.073522399
summer,circuit_26,5,-1073.794347272
summer,circuit_25,5,-1009.638875081
summer,circuit_24,5,-1250.458626359
summer,circuit_23,5,-542.440539208
summer,circuit_22,5,-765.590987747
summer,circuit_21,5,-586.448957436
summer,circuit_20,5,-495.863061700
summer,circuit_19,5,-452.215925405
summer,circuit_18,5,-733.383651525
summer,circuit_17,5,-733.551857969
summer,circuit_16,5,-439.375502105
summer,circuit_15,5,-304.463710528
summer,circuit_14,5,-1128.549569442
summer,circuit_11,5,-701.955072661
summer,circuit_10,5,-361.229520953
summer,circuit_9,5,-541.245432603
summer,circuit_8,5,-313.112259911
summer,circuit_7,5,-385.029832663
summer,circuit_6,5,-155.470571787
summer,circuit_5,5,-545.654831836
summer,circuit_4,5,-435.733859392
summer,circuit_3,5,-183.486784559
summer,circuit_2,5,-996.497026884
summer,circuit_1,5,-1020.809155865
summer,circuit_61,4,-219.135958739
summer,circuit_60,4,-588.591517403
summer,circuit_59,4,-435.787273766
summer,circuit_58,4,-615.478041321
summer,circuit_57,4,8.992106596
summer,circuit_56,4,-988.370723509
summer,circuit_55,4,-296.367568114
summer,circuit_54,4,-864.837338535
summer,circuit_53,4,-683.919383253
summer,circuit_52,4,-753.634621944
summer,circuit_51,4,-954.010282645
summer,circuit_50,4,-609.144119449
summer,circuit_49,4,-786.089416028
summer,circuit_48,4,-1503.627600581
summer,circuit_47,4,-1717.577016481
summer,circuit_46,4,-821.039620594
summer,circuit_45,4,-595.416902682
summer,circuit_44,4,-600.669488288
summer,circuit_43,4,-552.016482318
summer,circuit_42,4,-532.972631695
summer,circuit_41,4,-250.493668330
summer,circuit_40,4,-482.044602753
summer,circuit_39,4,-845.034877772
summer,circuit_38,4,-114.777887198
summer,circuit_37,4,-654.311139460
summer,circuit_35,4,-841.674441411
summer,circuit_34,4,-776.162329605
summer,circuit_33,4,-824.808920369
summer,circuit_32,4,-742.224228170
summer,circuit_31,4,-224.530465733
summer,circuit_30,4,-462.167585741
summer,circuit_29,4,-123.755655310
summer,circuit_28,4,-238.189016617
summer,circuit_27,4,-736.032243447
summer,circuit_26,4,-1316.217333892
summer,circuit_25,4,-1332.149694868
summer,circuit_24,4,-1142.390310671
summer,circuit_23,4,-701.708318460
summer,circuit_22,4,-888.556795409
summer,circuit_21,4,-474.791229113
summer,circuit_20,4,-281.736071057
summer,circuit_19,4,-440.010009726
summer,circuit_18,4,-768.558985627
summer,circuit_17,4,264.192241804
summer,circuit_16,4,-121.211138043
summer,circuit_15,4,-405.818601373
summer,circuit_14,4,-1049.305573939
summer,circuit_11,4,-942.557802517
summer,circuit_10,4,-866.020616742
summer,circuit_9,4,-427.850829830
summer,circuit_8,4,-344.375855997
summer,circuit_7,4,-438.638996462
summer,circuit_6,4,-200.537051724
summer,circuit_5,4,-948.242167655
summer,circuit_4,4,-643.914627125
summer,circuit_3,4,-220.464793712
summer,circuit_2,4,-1054.020883576
summer,circuit_1,4,-886.099755253
summer,circuit_61,3,-199.672367223
summer,circuit_60,3,-155.929908246
summer,circuit_59,3,-353.262834716
summer,circuit_58,3,-351.342839588
summer,circuit_57,3,6.973104642
summer,circuit_56,3,-529.614136127
summer,circuit_55,3,-312.694809588
summer,circuit_54,3,-477.618117896
summer,circuit_53,3,-389.305038146
summer,circuit_52,3,-951.514145652
summer,circuit_51,3,-1043.651619013
summer,circuit_50,3,-413.621306165
summer,circuit_49,3,-471.501762984
summer,circuit_48,3,-1169.833108869
summer,circuit_47,3,-740.173576334
summer,circuit_46,3,-622.169447647
summer,circuit_45,3,-456.000571404
summer,circuit_44,3,-179.886391347
summer,circuit_43,3,-651.534446842
summer,circuit_42,3,-249.135426987
summer,circuit_41,3,-260.334896780
summer,circuit_40,3,-586.891826204
summer,circuit_39,3,-805.232074582
summer,circuit_38,3,-14.402636302
summer,circuit_37,3,-198.562318798
summer,circuit_35,3,-283.092395408
summer,circuit_34,3,-524.080788169
summer,circuit_33,3,-494.706733254
summer,circuit_32,3,-274.415791301
summer,circuit_31,3,-57.066618896
summer,circuit_30,3,-357.534462805
summer,circuit_29,3,-93.225696493
summer,circuit_28,3,-253.433880310
summer,circuit_27,3,-486.362878026
summer,circuit_26,3,-993.955222083
summer,circuit_25,3,-1227.676363764
summer,circuit_24,3,-706.324544778
summer,circuit_23,3,-301.531608150
summer,circuit_22,3,-143.307699551
summer,circuit_21,3,-277.814486318
summer,circuit_20,3,-277.160825119
summer,circuit_19,3,-389.895960100
summer,circuit_18,3,-433.231029982
summer,circuit_17,3,22.407110373
summer,circuit_16,3,-253.507997368
summer,circuit_15,3,-192.025871526
summer,circuit_14,3,-655.948278877
summer,circuit_11,3,-50.580252472
summer,circuit_10,3,-142.870623685
summer,circuit_9,3,-341.024259243
summer,circuit_8,3,-43.532147690
summer,circuit_7,3,-300.275779053
summer,circuit_6,3,-44.206108110
summer,circuit_5,3,-67.654804640
summer,circuit_4,3,-269.859423829
summer,circuit_3,3,-116.338654375
summer,circuit_2,3,-1057.969080435
summer,circuit_1,3,-477.772576372
summer,circuit_61,2,-209.949686599
summer,circuit_60,2,-361.985290949
summer,circuit_59,2,-292.057670921
summer,circuit_58,2,-585.323729524
summer,circuit_57,2,26.035240405
summer,circuit_56,2,-616.743194708
summer,circuit_55,2,-299.742975337
summer,circuit_54,2,-1007.523258889
summer,circuit_53,2,-627.717430648
summer,circuit_52,2,-885.340877733
summer,circuit_51,2,67.581757064
summer,circuit_50,2,-582.091609684
summer,circuit_49,2,-542.963429088
summer,circuit_48,2,-1637.247927615
summer,circuit_47,2,-768.583721686
summer,circuit_46,2,-594.410677481
summer,circuit_45,2,-437.161371462
summer,circuit_44,2,-519.479128248
summer,circuit_43,2,-650.286204668
summer,circuit_42,2,-454.292913123
summer,circuit_41,2,-430.648897023
summer,circuit_40,2,-609.103574689
summer,circuit_39,2,-690.574457310
summer,circuit_38,2,-745.036811480
summer,circuit_37,2,-597.869474074
summer,circuit_35,2,-416.977814020
summer,circuit_34,2,-887.217198311
summer,circuit_33,2,-951.442396309
summer,circuit_32,2,-698.344163763
summer,circuit_31,2,-126.682136770
summer,circuit_30,2,-639.551322528
summer,circuit_29,2,-135.505013301
summer,circuit_28,2,-243.788295111
summer,circuit_27,2,-538.277118542
summer,circuit_26,2,-1652.871966336
summer,circuit_25,2,-969.653898140
summer,circuit_24,2,-974.043049460
summer,circuit_23,2,-587.165254083
summer,circuit_22,2,142.352763542
summer,circuit_21,2,192.147773978
summer,circuit_20,2,-366.569745575
summer,circuit_19,2,-458.967658766
summer,circuit_18,2,-759.880383534
summer,circuit_17,2,235.137007609
summer,circuit_16,2,-364.325010337
summer,circuit_15,2,-261.505903951
summer,circuit_14,2,-965.919678706
summer,circuit_11,2,-107.372948448
summer,circuit_10,2,-191.410693784
summer,circuit_9,2,-616.130134831
summer,circuit_8,2,-148.986492017
summer,circuit_7,2,-483.304614746
summer,circuit_6,2,-83.113178611
summer,circuit_5,2,-647.337002424
summer,circuit_4,2,-571.360376161
summer,circuit_3,2,-70.162354375
summer,circuit_2,2,-677.314190258
summer,circuit_1,2,-1030.968025463
summer,circuit_61,1,23.051635904
summer,circuit_60,1,464.891592069
summer,circuit_59,1,169.769061879
summer,circuit_58,1,-40.111933534
summer,circuit_57,1,37.811048513
summer,circuit_56,1,-150.501638605
summer,circuit_55,1,210.305933457
summer,circuit_54,1,368.750692807
summer,circuit_53,1,-5.592834280
summer,circuit_52,1,433.554971601
summer,circuit_51,1,479.769988977
summer,circuit_50,1,363.571545950
summer,circuit_49,1,-212.320180261
summer,circuit_48,1,-53.319259853
summer,circuit_47,1,-379.724054395
summer,circuit_46,1,468.461121168
summer,circuit_45,1,-52.309572328
summer,circuit_44,1,269.054110257
summer,circuit_43,1,-1386.399289644
summer,circuit_42,1,613.757709220
summer,circuit_41,1,68.268903606
summer,circuit_40,1,156.547121125
summer,circuit_39,1,712.580599770
summer,circuit_38,1,598.540500145
summer,circuit_37,1,167.969501603
summer,circuit_35,1,-12.052324098
summer,circuit_34,1,474.818829000
summer,circuit_33,1,229.498244651
summer,circuit_32,1,247.897122258
summer,circuit_31,1,-416.607278043
summer,circuit_30,1,274.451866146
summer,circuit_29,1,-77.172432524
summer,circuit_28,1,-350.424650981
summer,circuit_27,1,-265.073770361
summer,circuit_26,1,1406.823640888
summer,circuit_25,1,239.057127693
summer,circuit_24,1,538.430707320
summer,circuit_23,1,39.426433541
summer,circuit_22,1,1260.947792419
summer,circuit_21,1,1369.706548386
summer,circuit_20,1,442.571692114
summer,circuit_19,1,-196.893093176
summer,circuit_18,1,310.096442868
summer,circuit_17,1,-233.331990202
summer,circuit_16,1,507.633004892
summer,circuit_15,1,-230.495951191
summer,circuit_14,1,-640.175918218
summer,circuit_11,1,-1152.798121552
summer,circuit_10,1,16.059926963
summer,circuit_9,1,85.288855091
summer,circuit_8,1,591.340055751
summer,circuit_7,1,275.571117615
summer,circuit_6,1,460.354559791
summer,circuit_5,1,1464.080711276
summer,circuit_4,1,444.797562110
summer,circuit_3,1,-860.468923637
summer,circuit_2,1,494.934190442
summer,circuit_1,1,-82.462629388
summer,circuit_61,0,0
summer,circuit_60,0,0
summer,circuit_59,0,0
summer,circuit_58,0,0
summer,circuit_57,0,0
summer,circuit_56,0,0
summer,circuit_55,0,0
summer,circuit_54,0,0
summer,circuit_53,0,0
summer,circuit_52,0,0
summer,circuit_51,0,0
summer,circuit_50,0,0
summer,circuit_49,0,0
summer,circuit_48,0,0
summer,circuit_47,0,0
summer,circuit_46,0,0
summer,circuit_45,0,0
summer,circuit_44,0,0
summer,circuit_43,0,0
summer,circuit_42,0,0
summer,circuit_41,0,0
summer,circuit_40,0,0
summer,circuit_39,0,0
summer,circuit_38,0,0
summer,circuit_37,0,0
summer,circuit_35,0,0
summer,circuit_34,0,0
summer,circuit_33,0,0
summer,circuit_32,0,0
summer,circuit_31,0,0
summer,circuit_30,0,0
summer,circuit_29,0,0
summer,circuit_28,0,0
summer,circuit_27,0,0
summer,circuit_26,0,0
summer,circuit_25,0,0
summer,circuit_24,0,0
summer,circuit_23,0,0
summer,circuit_22,0,0
summer,circuit_21,0,0
summer,circuit_20,0,0
summer,circuit_19,0,0
summer,circuit_18,0,0
summer,circuit_17,0,0
summer,circuit_16,0,0
summer,circuit_15,0,0
summer,circuit_14,0,0
summer,circuit_11,0,0
summer,circuit_10,0,0
summer,circuit_9,0,0
summer,circuit_8,0,0
summer,circuit_7,0,0
summer,circuit_6,0,0
summer,circuit_5,0,0
summer,circuit_4,0,0
summer,circuit_3,0,0
summer,circuit_2,0,0
summer,circuit_1,0,0
winter,circuit_61,10,772.074590434
winter,circuit_60,10,3520.346511270
winter,circuit_59,10,9.330760301
winter,circuit_58,10,1500.563015703
winter,circuit_57,10,16.766864586
winter,circuit_56,10,4713.606382700
winter,circuit_55,10,1353.031359599
winter,circuit_54,10,6406.913806256
winter,circuit_53,10,2407.915984830
winter,circuit_52,10,9644.154050811
winter,circuit_51,10,5857.334665062
winter,circuit_50,10,2395.394893297
winter,circuit_49,10,1239.229857180
winter,circuit_48,10,6378.278223585
winter,circuit_47,10,2245.672712642
winter,circuit_46,10,5688.516558471
winter,circuit_45,10,671.768086792
winter,circuit_44,10,1056.159652678
winter,circuit_43,10,2063.313154820
winter,circuit_42,10,2949.225012867
winter,circuit_41,10,987.039287574
winter,circuit_40,10,674.513100135
winter,circuit_39,10,3994.350405740
winter,circuit_38,10,4143.333367720
winter,circuit_37,10,2493.498335107
winter,circuit_35,10,499.335908893
winter,circuit_34,10,3643.499856471
winter,circuit_33,10,3102.140498366
winter,circuit_32,10,4879.290063763
winter,circuit_31,10,734.447358014
winter,circuit_30,10,3422.026198078
winter,circuit_29,10,6.865077608
winter,circuit_28,10,1304.418908326
winter,circuit_27,10,4058.544232146
winter,circuit_26,10,6771.216129274
winter,circuit_25,10,5055.393490598
winter,circuit_24,10,5782.204975916
winter,circuit_23,10,1281.581025115
winter,circuit_22,10,11515.003951785
winter,circuit_21,10,14565.951964597
winter,circuit_20,10,8046.315780245
winter,circuit_19,10,855.648481148
winter,circuit_18,10,2282.597337522
winter,circuit_17,10,1850.197999808
winter,circuit_16,10,2873.442759666
winter,circuit_15,10,133.390658447
winter,circuit_14,10,1991.664025404
winter,circuit_11,10,59.535683682
winter,circuit_10,10,1401.776091011
winter,circuit_9,10,2811.235935733
winter,circuit_8,10,3715.947850816
winter,circuit_7,10,4878.820886206
winter,circuit_6,10,2584.026090291
winter,circuit_5,10,6422.506393158
winter,circuit_4,10,1916.778792475
winter,circuit_3,10,342.721996780
winter,circuit_2,10,3091.814848439
winter,circuit_1,10,4702.856207109
winter,circuit_61,9,755.263601862
winter,circuit_60,9,1955.234839863
winter,circuit_59,9,2961.747082030
winter,circuit_58,9,697.426491648
winter,circuit_57,9,5.158162416
winter,circuit_56,9,3833.126261929
winter,circuit_55,9,1079.630204967
winter,circuit_54,9,6102.392740372
winter,circuit_53,9,1458.872691405
winter,circuit_52,9,4025.687448733
winter,circuit_51,9,4319.412798636
winter,circuit_50,9,1644.074040940
winter,circuit_49,9,1347.462039305
winter,circuit_48,9,5023.961158632
winter,circuit_47,9,2076.158777877
winter,circuit_46,9,6299.499311973
winter,circuit_45,9,1033.410681531
winter,circuit_44,9,1122.736835811
winter,circuit_43,9,1768.311337761
winter,circuit_42,9,1375.467951431
winter,circuit_41,9,627.746133960
winter,circuit_40,9,767.881890848
winter,circuit_39,9,4260.032822398
winter,circuit_38,9,3125.786373278
winter,circuit_37,9,2722.289032496
winter,circuit_35,9,685.567225870
winter,circuit_34,9,3439.981203694
winter,circuit_33,9,2755.077141100
winter,circuit_32,9,3066.642964401
winter,circuit_31,9,689.048020674
winter,circuit_30,9,3077.487287994
winter,circuit_29,9,-33.904296593
winter,circuit_28,9,735.429804140
winter,circuit_27,9,3327.034509809
winter,circuit_26,9,5812.108885433
winter,circuit_25,9,2284.203714009
winter,circuit_24,9,4270.055725657
winter,circuit_23,9,872.743008562
winter,circuit_22,9,2401.005270581
winter,circuit_21,9,13726.716790540
winter,circuit_20,9,6788.902208217
winter,circuit_19,9,478.961382177
winter,circuit_18,9,1476.685507917
winter,circuit_17,9,323.661673925
winter,circuit_16,9,1211.281609099
winter,circuit_15,9,245.433326804
winter,circuit_14,9,1945.774259071
winter,circuit_11,9,47.817724586
winter,circuit_10,9,1390.491320814
winter,circuit_9,9,2345.212868017
winter,circuit_8,9,3330.956639363
winter,circuit_7,9,2453.239819454
winter,circuit_6,9,1939.387562022
winter,circuit_5,9,2200.240386129
winter,circuit_4,9,665.359007319
winter,circuit_3,9,402.191981098
winter,circuit_2,9,2414.425104232
winter,circuit_1,9,2993.047076419
winter,circuit_61,8,639.996705081
winter,circuit_60,8,1056.563219588
winter,circuit_59,8,1035.217240263
winter,circuit_58,8,1323.458535093
winter,circuit_57,8,12.977490743
winter,circuit_56,8,3258.098115777
winter,circuit_55,8,1153.161694439
winter,circuit_54,8,5661.802616034
winter,circuit_53,8,1499.061918772
winter,circuit_52,8,4163.809372885
winter,circuit_51,8,4946.937676152
winter,circuit_50,8,1233.635630442
winter,circuit_49,8,1018.794216703
winter,circuit_48,8,5215.885084893
winter,circuit_47,8,2316.443333982
winter,circuit_46,8,5588.524145661
winter,circuit_45,8,494.032636631
winter,circuit_44,8,2379.850265858
winter,circuit_43,8,1539.401297541
winter,circuit_42,8,-103.617550160
winter,circuit_41,8,615.015062958
winter,circuit_40,8,927.892547608
winter,circuit_39,8,2950.649573223
winter,circuit_38,8,3065.758616291
winter,circuit_37,8,2324.894180465
winter,circuit_35,8,498.302374730
winter,circuit_34,8,2993.848568800
winter,circuit_33,8,2283.783870834
winter,circuit_32,8,2873.880773600
winter,circuit_31,8,635.126066692
winter,circuit_30,8,1689.235882760
winter,circuit_29,8,-103.835662119
winter,circuit_28,8,1376.037740937
winter,circuit_27,8,1999.997261687
winter,circuit_26,8,6531.467508065
winter,circuit_25,8,3361.957387812
winter,circuit_24,8,3434.720121834
winter,circuit_23,8,1004.185914897
winter,circuit_22,8,5570.522478010
winter,circuit_21,8,5487.772248753
winter,circuit_20,8,7236.741772132
winter,circuit_19,8,548.741101257
winter,circuit_18,8,747.291062313
winter,circuit_17,8,712.262714517
winter,circuit_16,8,651.540754621
winter,circuit_15,8,69.362897243
winter,circuit_14,8,1727.376084085
winter,circuit_11,8,-151.319471131
winter,circuit_10,8,965.578487800
winter,circuit_9,8,1788.381382784
winter,circuit_8,8,1277.464805021
winter,circuit_7,8,3280.765017854
winter,circuit_6,8,3537.018644653
winter,circuit_5,8,2853.849089541
winter,circuit_4,8,1502.475908943
winter,circuit_3,8,439.442540252
winter,circuit_2,8,2473.993251013
winter,circuit_1,8,2577.387055087
winter,circuit_61,7,588.418489285
winter,circuit_60,7,3123.122221104
winter,circuit_59,7,3671.200434267
winter,circuit_58,7,1556.804843025
winter,circuit_57,7,5.699882104
winter,circuit_56,7,3073.717167314
winter,circuit_55,7,956.999125076
winter,circuit_54,7,5728.563946805
winter,circuit_53,7,1798.825942606
winter,circuit_52,7,3787.551576947
winter,circuit_51,7,4427.208715707
winter,circuit_50,7,1487.935860991
winter,circuit_49,7,774.883633405
winter,circuit_48,7,4732.353555992
winter,circuit_47,7,2379.112590865
winter,circuit_46,7,3102.729953191
winter,circuit_45,7,616.555951139
winter,circuit_44,7,1652.170968416
winter,circuit_43,7,971.068404289
winter,circuit_42,7,119.458348925
winter,circuit_41,7,543.470733314
winter,circuit_40,7,901.300951365
winter,circuit_39,7,3486.006458480
winter,circuit_38,7,3508.278664251
winter,circuit_37,7,2011.585671240
winter,circuit_35,7,420.199659767
winter,circuit_34,7,3277.603517833
winter,circuit_33,7,2590.799161970
winter,circuit_32,7,2290.573625858
winter,circuit_31,7,538.196895219
winter,circuit_30,7,2140.106473410
winter,circuit_29,7,-29.740231449
winter,circuit_28,7,1361.261060303
winter,circuit_27,7,2222.540770206
winter,circuit_26,7,3721.943974002
winter,circuit_25,7,3234.347792810
winter,circuit_24,7,4132.260004356
winter,circuit_23,7,1010.288377603
winter,circuit_22,7,13072.115834853
winter,circuit_21,7,6415.736110383
winter,circuit_20,7,2025.889814496
winter,circuit_19,7,715.145999521
winter,circuit_18,7,1422.061354717
winter,circuit_17,7,980.554536325
winter,circuit_16,7,1561.868001195
winter,circuit_15,7,43.905786528
winter,circuit_14,7,674.871403459
winter,circuit_11,7,-66.575425648
winter,circuit_10,7,1250.307834527
winter,circuit_9,7,2320.500379201
winter,circuit_8,7,3220.743065129
winter,circuit_7,7,2497.723757021
winter,circuit_6,7,3205.979922916
winter,circuit_5,7,4417.331483987
winter,circuit_4,7,1956.120613208
winter,circuit_3,7,365.311857976
winter,circuit_2,7,2742.989735580
winter,circuit_1,7,1296.323939576
winter,circuit_61,6,377.971764051
winter,circuit_60,6,1955.800722035
winter,circuit_59,6,-422.265101935
winter,circuit_58,6,292.646831653
winter,circuit_57,6,37.978253086
winter,circuit_56,6,2079.512908360
winter,circuit_55,6,334.338353277
winter,circuit_54,6,1787.244588774
winter,circuit_53,6,479.997548850
winter,circuit_52,6,1784.950675738
winter,circuit_51,6,1608.508016283
winter,circuit_50,6,-28.524619589
winter,circuit_49,6,384.202716706
winter,circuit_48,6,1648.607339349
winter,circuit_47,6,531.389206497
winter,circuit_46,6,1457.962128175
winter,circuit_45,6,409.822405782
winter,circuit_44,6,432.013469720
winter,circuit_43,6,719.158432383
winter,circuit_42,6,1601.633404642
winter,circuit_41,6,143.771157546
winter,circuit_40,6,359.952598410
winter,circuit_39,6,825.762840831
winter,circuit_38,6,1958.378785134
winter,circuit_37,6,1062.054290653
winter,circuit_35,6,356.699555587
winter,circuit_34,6,822.923471946
winter,circuit_33,6,909.463602246
winter,circuit_32,6,1445.671845731
winter,circuit_31,6,288.841251223
winter,circuit_30,6,575.329469098
winter,circuit_29,6,26.075587026
winter,circuit_28,6,1093.450446903
winter,circuit_27,6,1042.660404002
winter,circuit_26,6,1344.418882689
winter,circuit_25,6,953.388145523
winter,circuit_24,6,1151.384719032
winter,circuit_23,6,228.004851016
winter,circuit_22,6,2032.952798107
winter,circuit_21,6,1979.152763301
winter,circuit_20,6,844.996612862
winter,circuit_19,6,233.759200123
winter,circuit_18,6,411.889922864
winter,circuit_17,6,1416.253461708
winter,circuit_16,6,74.938850835
winter,circuit_15,6,216.352571996
winter,circuit_14,6,523.971879613
winter,circuit_11,6,118.954119919
winter,circuit_10,6,478.149354214
winter,circuit_9,6,418.878673947
winter,circuit_8,6,1146.243950687
winter,circuit_7,6,937.666218130
winter,circuit_6,6,572.464454391
winter,circuit_5,6,1923.842233761
winter,circuit_4,6,119.806998175
winter,circuit_3,6,134.704274098
winter,circuit_2,6,1794.381474305
winter,circuit_1,6,877.470893641
winter,circuit_61,5,379.823653249
winter,circuit_60,5,2725.961057394
winter,circuit_59,5,2411.294748942
winter,circuit_58,5,966.468553937
winter,circuit_57,5,12.585797759
winter,circuit_56,5,2723.631395757
winter,circuit_55,5,819.452956869
winter,circuit_54,5,6397.345156081
winter,circuit_53,5,1752.145414501
winter,circuit_52,5,6491.419958942
winter,circuit_51,5,3472.101286417
winter,circuit_50,5,439.886440594
winter,circuit_49,5,804.566544593
winter,circuit_48,5,5156.336635023
winter,circuit_47,5,2258.662981926
winter,circuit_46,5,473.419799899
winter,circuit_45,5,495.179185571
winter,circuit_44,5,1999.912790703
winter,circuit_43,5,928.445279816
winter,circuit_42,5,-359.264181615
winter,circuit_41,5,323.268826156
winter,circuit_40,5,716.752178236
winter,circuit_39,5,2516.097556237
winter,circuit_38,5,2905.697231874
winter,circuit_37,5,807.114970188
winter,circuit_35,5,314.631168042
winter,circuit_34,5,2862.192842957
winter,circuit_33,5,2533.726703854
winter,circuit_32,5,2927.001033955
winter,circuit_31,5,412.250684094
winter,circuit_30,5,2644.762946244
winter,circuit_29,5,-145.176529791
winter,circuit_28,5,1147.180496108
winter,circuit_27,5,375.602720226
winter,circuit_26,5,6509.980249403
winter,circuit_25,5,2778.994734765
winter,circuit_24,5,3282.927826514
winter,circuit_23,5,898.758844865
winter,circuit_22,5,1568.400355254
winter,circuit_21,5,1163.195968585
winter,circuit_20,5,7820.473918696
winter,circuit_19,5,500.662620479
winter,circuit_18,5,903.998966149
winter,circuit_17,5,363.929171848
winter,circuit_16,5,1015.172886478
winter,circuit_15,5,107.970917701
winter,circuit_14,5,1388.234682295
winter,circuit_11,5,-45.202345489
winter,circuit_10,5,934.328074636
winter,circuit_9,5,1712.451129057
winter,circuit_8,5,1853.914949195
winter,circuit_7,5,2377.910968598
winter,circuit_6,5,636.401717265
winter,circuit_5,5,2555.264944179
winter,circuit_4,5,1356.959029399
winter,circuit_3,5,306.422178774
winter,circuit_2,5,1241.167260988
winter,circuit_1,5,604.824678204
winter,circuit_61,4,247.887720421
winter,circuit_60,4,-358.986969722
winter,circuit_59,4,3211.141389540
winter,circuit_58,4,133.069026725
winter,circuit_57,4,-2.583648134
winter,circuit_56,4,2769.054736411
winter,circuit_55,4,870.964400565
winter,circuit_54,4,4476.366421761
winter,circuit_53,4,777.148815797
winter,circuit_52,4,4569.366777759
winter,circuit_51,4,2664.054752045
winter,circuit_50,4,-258.020265462
winter,circuit_49,4,566.372710151
winter,circuit_48,4,3319.593964914
winter,circuit_47,4,1756.258921425
winter,circuit_46,4,2012.513485595
winter,circuit_45,4,451.205142524
winter,circuit_44,4,1479.786542243
winter,circuit_43,4,453.681909151
winter,circuit_42,4,127.733737369
winter,circuit_41,4,319.876659984
winter,circuit_40,4,374.114672165
winter,circuit_39,4,1749.837221124
winter,circuit_38,4,921.553292832
winter,circuit_37,4,1600.707982107
winter,circuit_35,4,110.359280822
winter,circuit_34,4,1747.748153773
winter,circuit_33,4,2111.593241049
winter,circuit_32,4,1029.392179341
winter,circuit_31,4,326.244110147
winter,circuit_30,4,1963.822026306
winter,circuit_29,4,-25.613629781
winter,circuit_28,4,1165.809733672
winter,circuit_27,4,652.782795952
winter,circuit_26,4,1271.028293486
winter,circuit_25,4,745.508903163
winter,circuit_24,4,1520.898452536
winter,circuit_23,4,286.796387919
winter,circuit_22,4,1453.011134901
winter,circuit_21,4,4962.215706937
winter,circuit_20,4,53.756813062
winter,circuit_19,4,263.913665199
winter,circuit_18,4,796.686969707
winter,circuit_17,4,191.841761629
winter,circuit_16,4,933.889104146
winter,circuit_15,4,174.814498524
winter,circuit_14,4,318.536496858
winter,circuit_11,4,-18.199159903
winter,circuit_10,4,686.186054351
winter,circuit_9,4,1769.567827872
winter,circuit_8,4,980.773100250
winter,circuit_7,4,277.108156663
winter,circuit_6,4,751.617171801
winter,circuit_5,4,1439.730214000
winter,circuit_4,4,637.513341053
winter,circuit_3,4,271.500461415
winter,circuit_2,4,1253.835282032
winter,circuit_1,4,2224.584817093
winter,circuit_61,3,323.218536447
winter,circuit_60,3,-482.663601527
winter,circuit_59,3,1088.224656288
winter,circuit_58,3,756.516893663
winter,circuit_57,3,34.044040166
winter,circuit_56,3,2172.301412891
winter,circuit_55,3,521.865384763
winter,circuit_54,3,2496.640951698
winter,circuit_53,3,561.330136523
winter,circuit_52,3,2456.488055534
winter,circuit_51,3,2959.021506205
winter,circuit_50,3,822.959726920
winter,circuit_49,3,691.198984713
winter,circuit_48,3,4058.444473374
winter,circuit_47,3,10.854311576
winter,circuit_46,3,3934.810573471
winter,circuit_45,3,145.569082215
winter,circuit_44,3,929.004218964
winter,circuit_43,3,890.065124105
winter,circuit_42,3,729.322780502
winter,circuit_41,3,613.095777278
winter,circuit_40,3,708.774194225
winter,circuit_39,3,131.937140296
winter,circuit_38,3,2683.028975850
winter,circuit_37,3,594.445003330
winter,circuit_35,3,176.447775556
winter,circuit_34,3,1031.060864274
winter,circuit_33,3,837.551788442
winter,circuit_32,3,1463.680032864
winter,circuit_31,3,581.817235808
winter,circuit_30,3,1235.674159675
winter,circuit_29,3,22.266951769
winter,circuit_28,3,1181.411364139
winter,circuit_27,3,3205.944972959
winter,circuit_26,3,989.559345719
winter,circuit_25,3,2824.609034320
winter,circuit_24,3,770.299375590
winter,circuit_23,3,984.634130797
winter,circuit_22,3,1957.519200447
winter,circuit_21,3,12001.364994966
winter,circuit_20,3,426.232004418
winter,circuit_19,3,642.159317544
winter,circuit_18,3,780.695541003
winter,circuit_17,3,315.442687307
winter,circuit_16,3,-539.300561419
winter,circuit_15,3,11.765474648
winter,circuit_14,3,691.937295755
winter,circuit_11,3,-327.432427442
winter,circuit_10,3,934.265435136
winter,circuit_9,3,2222.710578166
winter,circuit_8,3,2346.971400498
winter,circuit_7,3,667.761651599
winter,circuit_6,3,3269.956444972
winter,circuit_5,3,1428.556226572
winter,circuit_4,3,-279.479448073
winter,circuit_3,3,204.685173100
winter,circuit_2,3,833.957863429
winter,circuit_1,3,2295.316542551
winter,circuit_61,2,564.308780309
winter,circuit_60,2,1923.982369546
winter,circuit_59,2,1745.528912885
winter,circuit_58,2,652.542947534
winter,circuit_57,2,39.647107227
winter,circuit_56,2,2844.274423510
winter,circuit_55,2,981.186483422
winter,circuit_54,2,4752.760564694
winter,circuit_53,2,674.702546210
winter,circuit_52,2,9898.379192256
winter,circuit_51,2,1536.112677425
winter,circuit_50,2,1197.645244712
winter,circuit_49,2,692.974049911
winter,circuit_48,2,3692.027813008
winter,circuit_47,2,1468.645308139
winter,circuit_46,2,2532.518178259
winter,circuit_45,2,489.246204209
winter,circuit_44,2,1033.871222317
winter,circuit_43,2,659.723286391
winter,circuit_42,2,1192.709986744
winter,circuit_41,2,431.364434262
winter,circuit_40,2,416.563120319
winter,circuit_39,2,2795.318669169
winter,circuit_38,2,2821.966536691
winter,circuit_37,2,2034.404475094
winter,circuit_35,2,347.936546340
winter,circuit_34,2,2882.750976192
winter,circuit_33,2,2336.589366970
winter,circuit_32,2,2489.710292248
winter,circuit_31,2,613.545058700
winter,circuit_30,2,1603.345906282
winter,circuit_29,2,-112.283695986
winter,circuit_28,2,1735.861834337
winter,circuit_27,2,3381.876558721
winter,circuit_26,2,6060.435279118
winter,circuit_25,2,979.655365817
winter,circuit_24,2,1256.988137443
winter,circuit_23,2,357.278384393
winter,circuit_22,2,2603.891682970
winter,circuit_21,2,5498.363131193
winter,circuit_20,2,2022.068924199
winter,circuit_19,2,350.209236440
winter,circuit_18,2,577.775377468
winter,circuit_17,2,669.215422370
winter,circuit_16,2,475.814585154
winter,circuit_15,2,89.950981994
winter,circuit_14,2,475.459069578
winter,circuit_11,2,-164.595852263
winter,circuit_10,2,1001.474694397
winter,circuit_9,2,1791.267427975
winter,circuit_8,2,2554.875718972
winter,circuit_7,2,3084.468153617
winter,circuit_6,2,1449.821508148
winter,circuit_5,2,926.610751826
winter,circuit_4,2,1252.121559367
winter,circuit_3,2,333.897610778
winter,circuit_2,2,1834.901384069
winter,circuit_1,2,1155.390011203
winter,circuit_61,1,227.289333692
winter,circuit_60,1,947.133822285
winter,circuit_59,1,2392.035711873
winter,circuit_58,1,556.853461919
winter,circuit_57,1,35.723019875
winter,circuit_56,1,671.876354926
winter,circuit_55,1,581.453675583
winter,circuit_54,1,1329.920084367
winter,circuit_53,1,583.234874779
winter,circuit_52,1,2115.739637637
winter,circuit_51,1,1356.343069956
winter,circuit_50,1,646.807004147
winter,circuit_49,1,443.489386955
winter,circuit_48,1,2248.901407192
winter,circuit_47,1,234.351377356
winter,circuit_46,1,1487.291626898
winter,circuit_45,1,52.398807523
winter,circuit_44,1,506.372267617
winter,circuit_43,1,395.150769775
winter,circuit_42,1,1338.610854334
winter,circuit_41,1,319.154211113
winter,circuit_40,1,663.578995397
winter,circuit_39,1,1686.347554523
winter,circuit_38,1,853.861830344
winter,circuit_37,1,917.595633649
winter,circuit_35,1,44.421102772
winter,circuit_34,1,1053.319456103
winter,circuit_33,1,468.088156291
winter,circuit_32,1,1672.857695088
winter,circuit_31,1,318.081063446
winter,circuit_30,1,560.341473969
winter,circuit_29,1,129.546578261
winter,circuit_28,1,402.022696318
winter,circuit_27,1,564.955388372
winter,circuit_26,1,2295.758128394
winter,circuit_25,1,1065.364965266
winter,circuit_24,1,742.803583883
winter,circuit_23,1,267.849890815
winter,circuit_22,1,2118.717548425
winter,circuit_21,1,1943.509275066
winter,circuit_20,1,1434.753113161
winter,circuit_19,1,277.046767342
winter,circuit_18,1,523.801983790
winter,circuit_17,1,1043.038194238
winter,circuit_16,1,746.067016146
winter,circuit_15,1,88.318731823
winter,circuit_14,1,313.825269392
winter,circuit_11,1,112.887055201
winter,circuit_10,1,198.809013295
winter,circuit_9,1,271.891984534
winter,circuit_8,1,887.579447979
winter,circuit_7,1,486.118302447
winter,circuit_6,1,1380.841476713
winter,circuit_5,1,2275.619484949
winter,circuit_4,1,550.149787688
winter,circuit_3,1,140.306332045
winter,circuit_2,1,1492.552598291
winter,circuit_1,1,1442.851892861
winter,circuit_61,0,0
winter,circuit_60,0,0
winter,circuit_59,0,0
winter,circuit_58,0,0
winter,circuit_57,0,0
winter,circuit_56,0,0
winter,circuit_55,0,0
winter,circuit_54,0,0
winter,circuit_53,0,0
winter,circuit_52,0,0
winter,circuit_51,0,0
winter,circuit_50,0,0
winter,circuit_49,0,0
winter,circuit_48,0,0
winter,circuit_47,0,0
winter,circuit_46,0,0
winter,circuit_45,0,0
winter,circuit_44,0,0
winter,circuit_43,0,0
winter,circuit_42,0,0
winter,circuit_41,0,0
winter,circuit_40,0,0
winter,circuit_39,0,0
winter,circuit_38,0,0
winter,circuit_37,0,0
winter,circuit_35,0,0
winter,circuit_34,0,0
winter,circuit_33,0,0
winter,circuit_32,0,0
winter,circuit_31,0,0
winter,circuit_30,0,0
winter,circuit_29,0,0
winter,circuit_28,0,0
winter,circuit_27,0,0
winter,circuit_26,0,0
winter,circuit_25,0,0
winter,circuit_24,0,0
winter,circuit_23,0,0
winter,circuit_22,0,0
winter,circuit_21,0,0
winter,circuit_20,0,0
winter,circuit_19,0,0
winter,circuit_18,0,0
winter,circuit_17,0,0
winter,circuit_16,0,0
winter,circuit_15,0,0
winter,circuit_14,0,0
winter,circuit_11,0,0
winter,circuit_10,0,0
winter,circuit_9,0,0
winter,circuit_8,0,0
winter,circuit_7,0,0
winter,circuit_6,0,0
winter,circuit_5,0,0
winter,circuit_4,0,0
winter,circuit_3,0,0
winter,circuit_2,0,0
winter,circuit_1,0,0
